Rank,Strategy,Combined_Score,Median_Monthly_%,Positive_Months_%,Total_Return_x,Benchmark_x,Outperformance_%,CAGR_%,MDD_%,Sharpe
1,SMA29,2.6902083429568546,0.10590968102028864,50.526315789473685,220.74760807485043,252.02972995313297,-14.170990186981092,99.75341566833316,-38.7335760446383,1.632595273688701
2,SMA28,2.4825741752763166,0.10590968102028864,50.526315789473685,195.2618245502273,252.02972995313297,-29.072710722470617,96.63631924898881,-41.01605288067318,1.5792284742219138
3,SMA29_RSI30_80,1.126858488003748,0.33519887440001117,51.578947368421055,12.53366336057291,252.02972995313297,-1910.8225560448811,38.28553792085414,-41.401606681703264,0.9982234756639737
4,SMA29_RSI35_80,1.116713140688128,0.33519887440001117,51.578947368421055,12.240415323924903,252.02972995313297,-1958.996555946268,37.866451582778524,-41.07330644239799,0.9895973747113855
5,SMA29_RSI45_80,0.6366232283135502,0.10590968102028864,51.578947368421055,12.372333130964261,252.02972995313297,-1937.0428704540593,38.056048945812314,-40.033980548587074,1.0086976297911059
6,SMA29_RSI40_80,0.6228099161764847,0.10590968102028864,51.578947368421055,12.050104952569203,252.02972995313297,-1991.5148120713893,37.589767142377454,-41.07330644239801,0.987263067792971
7,SMA28_RSI30_80,0.5825291085398223,0.10590968102028864,50.526315789473685,11.150499262654378,252.02972995313297,-2160.2551151878847,36.227926166776236,-43.1294199587425,0.9347354403634877
8,SMA28_RSI35_80,0.5772844747277595,0.10590968102028864,50.526315789473685,10.88961288631335,252.02972995313297,-2214.404860708111,35.815075599903935,-42.81079987413443,0.9260810574324222
9,SMA31_RSI45_80,0.4455015054275483,0.039287103202267915,50.526315789473685,15.699705842926697,252.02972995313297,-1505.3149815331205,42.33664807310578,-36.314700326041105,1.0994948150553034
10,SMA31_RSI40_80,0.43526930219406557,0.039287103202267915,50.526315789473685,15.141034422618302,252.02972995313297,-1564.547632073543,41.67699533567026,-36.963383864561465,1.0811326156495427
11,SMA30_RSI45_80,0.43370004917243976,0.039287103202267915,50.526315789473685,15.254756052420792,252.02972995313297,-1552.1387106228954,41.812972849575836,-37.88363460248539,1.076399734743246
12,SMA30_RSI40_80,0.41912510448129164,0.039287103202267915,50.526315789473685,14.684059759637288,252.02972995313297,-1616.3491165154342,41.121451258379935,-39.73383360565396,1.0478775140915126
13,SMA28_RSI45_80,0.3538870247786708,0.039287103202267915,50.526315789473685,10.923484094216786,252.02972995313297,-2207.2284243684203,35.869160485219574,-42.2435543531455,0.9405587626759618
14,SMA28_RSI40_80,0.3488545482425777,0.039287103202267915,50.526315789473685,10.72030439330302,252.02972995313297,-2250.9568451300324,35.54250806981247,-42.81079987413439,0.9233815142350602
15,SMA30_RSI45_70,0.3038549212850796,0.10590968102028864,51.578947368421055,2.7533852298453487,252.02972995313297,-9053.449623440049,13.865514451036255,-38.615681844110874,0.41466934303440434
16,SMA31_RSI45_70,0.30083660329756856,0.10590968102028864,51.578947368421055,2.833695801642892,252.02972995313297,-8794.029126450823,14.285987610397743,-41.53445647473704,0.44210563746732495
17,SMA29_RSI45_70,0.184528631801051,0.04490789608089241,50.526315789473685,2.40270481804447,252.02972995313297,-10389.417096114898,11.89402322547144,-37.54218845224499,0.33855783383802424
18,SMA28_RSI45_70,0.1671155120892436,0.04490789608089241,50.526315789473685,2.0774934475237976,252.02972995313297,-12031.433206373373,9.82709558799928,-40.75475163897455,0.24470059519873918
19,SMA25,0.0,0.0,49.473684210526315,131.68239859292368,252.02972995313297,-91.39211667327307,86.95175879323587,-54.25143164270374,1.417974300023181
20,SMA26,0.0,0.0,48.421052631578945,139.25143620144118,252.02972995313297,-80.9889627195993,88.29608468746932,-52.633647903368676,1.4562481377168988
21,SMA27,0.0,0.0,48.421052631578945,159.19620259056768,252.02972995313297,-58.313908153526306,91.55527248174312,-46.59500727021154,1.5011642366696292
22,SMA30,0.0,0.0,48.421052631578945,252.02972995313297,252.02972995313297,-0.0,103.17629161962563,-38.091226700929035,1.6637684985897916
23,SMA31,0.0,0.0,48.421052631578945,267.6668453291324,252.02972995313297,6.204472535405747,104.75033090930465,-37.101072744472305,1.7020271936698375
24,SMA32,0.0,0.0,47.368421052631575,174.98211252812425,252.02972995313297,-44.031710619921306,93.89126424239316,-43.4847656184449,1.589539467633817
25,SMA33,0.0,0.0,46.31578947368421,170.07951707117,252.02972995313297,-48.1834698811326,93.18615931201168,-44.04790916692868,1.5768881313781102
26,SMA34,0.0,0.0,44.21052631578947,185.1082808940722,252.02972995313297,-36.15259605665961,95.29472806291201,-48.71355973707831,1.5454180625153864
27,SMA35,0.0,0.0,44.21052631578947,200.56527697747688,252.02972995313297,-25.659702293052167,97.31305154104209,-48.25920049775873,1.5856362107159137
28,SMA25_RSI30_70,0.0,0.0,47.368421052631575,1.335437390935622,252.02972995313297,-18772.448207890764,3.7780003826542785,-55.48876902184593,0.03447546459484744
29,SMA25_RSI30_75,0.0,-0.48739159259527653,42.10526315789473,2.5158050073344596,252.02972995313297,-9917.85628132456,12.555816223627069,-59.374897424280825,0.3556551007313139
30,SMA25_RSI30_80,0.0,0.0,47.368421052631575,6.955709391882322,252.02972995313297,-3523.3504845280754,28.23028148884328,-57.38887499757954,0.7474095419613369
31,SMA25_RSI30_85,0.0,0.0,47.368421052631575,12.648282092640894,252.02972995313297,-1892.6004820826265,38.44702110542033,-56.3568450913284,0.8596771839518828
32,SMA25_RSI35_70,0.0,0.0,47.368421052631575,1.2931435630886032,252.02972995313297,-19389.69450469781,3.3507026744081125,-55.23939276843014,0.019181461361468213
33,SMA25_RSI35_75,0.0,-0.48739159259527653,42.10526315789473,2.436128472441036,252.02972995313297,-10245.502415174169,12.092376552937779,-59.14729338700012,0.3418386605363611
34,SMA25_RSI35_80,0.0,0.0,47.368421052631575,6.7354193374245535,252.02972995313297,-3641.8565545393717,27.70230344719755,-57.150144176763774,0.735415053972564
35,SMA25_RSI35_85,0.0,0.0,47.368421052631575,12.247706019949181,252.02972995313297,-1957.770896383572,37.87697644649721,-56.112332274693244,0.8482299805220676
36,SMA25_RSI40_70,0.0,0.0,48.421052631578945,1.4074948623181667,252.02972995313297,-17806.262871754712,4.4795538391809275,-53.71511772496626,0.05712839080655142
37,SMA25_RSI40_75,0.0,-0.03321279627418461,44.21052631578947,2.6515527020976424,252.02972995313297,-9404.986634953639,13.316708914107767,-57.75609775763812,0.378851541249666
38,SMA25_RSI40_80,0.0,0.0,48.421052631578945,7.331025250081935,252.02972995313297,-3337.851069334622,29.097135705326306,-56.77736536187255,0.7698868157204611
39,SMA25_RSI40_85,0.0,0.0,48.421052631578945,13.330757535604382,252.02972995313297,-1790.5882076093628,39.38294187710785,-55.730524857873256,0.8816273141068866
40,SMA25_RSI45_70,0.0,0.0,47.368421052631575,1.4035692428694366,252.02972995313297,-17856.34460027687,4.442149752176161,-55.86043536155461,0.04817628113872455
41,SMA25_RSI45_75,0.0,-0.03321279627418461,44.21052631578947,2.6335935730454394,252.02972995313297,-9469.803500913407,13.218021340192898,-57.44442152282355,0.37650477483149764
42,SMA25_RSI45_80,0.0,0.0,48.421052631578945,7.281371766503392,252.02972995313297,-3361.2946301210613,28.984704950460504,-56.458468022666466,0.7741310375490302
43,SMA25_RSI45_85,0.0,0.0,47.368421052631575,13.240467497335052,252.02972995313297,-1803.4805984294721,39.261553208916,-55.40390391148545,0.8869897717753346
44,SMA26_RSI30_70,0.0,0.0,45.26315789473684,1.476401559900326,252.02972995313297,-16970.5407524866,5.12173092112751,-52.32874453582757,0.08153183297954102
45,SMA26_RSI30_75,0.0,-0.519900881540547,40.0,2.8190388494098793,252.02972995313297,-8840.271610868058,14.210031547765457,-56.31111775333719,0.40463445649985214
46,SMA26_RSI30_80,0.0,0.0,46.31578947368421,7.826607722630553,252.02972995313297,-3120.1656053923807,30.184327265003287,-56.40744463737044,0.7923106532988334
47,SMA26_RSI30_85,0.0,0.0,47.368421052631575,13.427341435834006,252.02972995313297,-1776.9890611445437,39.51200131035195,-55.351644753617435,0.9027036737020943
48,SMA26_RSI35_70,0.0,0.0,45.26315789473684,1.4296433413336436,252.02972995313297,-17528.853481598206,4.688900508671678,-52.061664097429485,0.06629489227284634
49,SMA26_RSI35_75,0.0,-0.519900881540547,40.0,2.729758779374198,252.02972995313297,-9132.674031765959,13.739780776319277,-56.066348747152226,0.39086240280968343
50,SMA26_RSI35_80,0.0,0.0,46.31578947368421,7.578735975221156,252.02972995313297,-3225.4850251697603,29.64830359442965,-56.163215307058564,0.7803437966177612
51,SMA26_RSI35_85,0.0,0.0,47.368421052631575,13.002092247077673,252.02972995313297,-1838.3782637734992,38.93757167966976,-55.10150025507533,0.8912801742094536
52,SMA26_RSI40_70,0.0,0.0,46.31578947368421,1.49825272855015,252.02972995313297,-16721.576570530968,5.319917994311618,-51.644617278898,0.0868408336456237
53,SMA26_RSI40_75,0.0,-0.3645268116420519,42.10526315789473,2.8607614369510586,252.02972995313297,-8709.882805947676,14.425352886963205,-55.684141289665256,0.4117114888535357
54,SMA26_RSI40_80,0.0,0.0,47.368421052631575,7.9424437728950394,252.02972995313297,-3073.201311329744,30.4297651071032,-55.78185055489029,0.8003683433874009
55,SMA26_RSI40_85,0.0,0.0,48.421052631578945,13.626069959429547,252.02972995313297,-1749.6142372931438,39.77502471161709,-54.710898951902955,0.9107950340894744
56,SMA26_RSI45_70,0.0,0.0,47.368421052631575,1.4223815779659508,252.02972995313297,-17618.85504264919,4.620576023637346,-53.97670243941112,0.05415161041096976
57,SMA26_RSI45_75,0.0,-0.010750347306387464,44.21052631578947,2.7050428566059868,252.02972995313297,-9217.032790724592,13.607229748383132,-55.357178124516196,0.3886251345658989
58,SMA26_RSI45_80,0.0,0.0,48.421052631578945,7.510116192968028,252.02972995313297,-3255.869915689411,29.497212957588935,-55.45560829037488,0.7870646480156998
59,SMA26_RSI45_85,0.0,0.0,48.421052631578945,12.884368032677434,252.02972995313297,-1856.0891874085964,38.77565543700254,-54.3767551881043,0.8994900324419952
60,SMA27_RSI30_70,0.0,0.0,46.31578947368421,1.6816986848496032,252.02972995313297,-14886.616343561709,6.891105084017246,-44.065185125721605,0.1487981521104131
61,SMA27_RSI30_75,0.0,-0.16203189507820737,42.10526315789473,3.197685375543631,252.02972995313297,-7781.630002773052,16.070376639748616,-48.18188657731724,0.46462106694806393
62,SMA27_RSI30_80,0.0,0.0,48.421052631578945,8.877858870235691,252.02972995313297,-2738.857134777161,32.30487456718387,-48.19450563101773,0.8452044583707448
63,SMA27_RSI30_85,0.0,0.0,47.368421052631575,15.230869681269308,252.02972995313297,-1554.7297378761982,41.7844852891512,-46.93979058902164,0.9533592532392622
64,SMA27_RSI35_70,0.0,0.0,46.31578947368421,1.6423522604740335,252.02972995313297,-15245.656106710592,6.567162302465124,-43.75180770922866,0.1376090216060027
65,SMA27_RSI35_75,0.0,-0.16203189507820737,42.10526315789473,3.1228696627532266,252.02972995313297,-7970.453050254268,15.718615278174774,-47.89157317325162,0.4545769332799776
66,SMA27_RSI35_80,0.0,0.0,48.421052631578945,8.670145083097925,252.02972995313297,-2806.868657186073,31.903913149051743,-47.904262925790604,0.8365319398790118
67,SMA27_RSI35_85,0.0,0.0,47.368421052631575,14.874515557021493,252.02972995313297,-1594.3726939339729,41.35479508705808,-46.64251828408676,0.9450912638211341
68,SMA27_RSI40_70,0.0,0.0,47.368421052631575,1.714254962895739,252.02972995313297,-14601.997976275448,7.154186115106254,-43.49040797809571,0.15676344922175822
69,SMA27_RSI40_75,0.0,0.0,44.21052631578947,3.2595898862197212,252.02972995313297,-7631.946003962544,16.356049749230152,-47.64941199068659,0.47404805366263814
70,SMA27_RSI40_80,0.0,0.0,49.473684210526315,9.049726782387635,252.02972995313297,-2684.9429713571826,32.630504120661506,-47.66216071575021,0.8552578952736235
71,SMA27_RSI40_85,0.0,0.0,48.421052631578945,15.52572656181222,252.02972995313297,-1523.3039333118018,42.13344611758474,-46.394552424092936,0.9633403334126581
72,SMA27_RSI45_70,0.0,0.0,49.473684210526315,1.694563172874169,252.02972995313297,-14772.843573347714,6.995586726299452,-44.67982624314066,0.14642237748231812
73,SMA27_RSI45_75,0.0,0.0,47.368421052631575,3.209273837426246,252.02972995313297,-7753.169991727918,16.12421901193826,-47.4953315333583,0.4699965381506574
74,SMA27_RSI45_80,0.0,0.0,49.473684210526315,8.910032369825082,252.02972995313297,-2728.606221529145,32.36624774874137,-47.508117781006824,0.8575014417131271
75,SMA27_RSI45_85,0.0,0.0,49.473684210526315,15.286066591537718,252.02972995313297,-1548.7546252916054,41.850255843608444,-46.23677861119298,0.9666469440984468
76,SMA28_RSI30_70,0.0,0.0,46.31578947368421,2.120668548146443,252.02972995313297,-11784.447014287922,10.11709659088551,-39.823200931659606,0.25680994801272644
77,SMA28_RSI30_75,0.0,0.0,44.21052631578947,4.016259882407135,252.02972995313297,-6175.234604641162,19.51204935386035,-43.29848584716765,0.564163770906197
78,SMA28_RSI30_85,0.0,0.0,48.421052631578945,18.681396635447157,252.02972995313297,-1249.0946896064358,45.5453507108676,-41.544286736328374,1.039451615688132
79,SMA28_RSI35_70,0.0,0.0,46.31578947368421,2.0710516189028056,252.02972995313297,-12069.166989988033,9.783377161770623,-39.823200931659606,0.24565334581132806
80,SMA28_RSI35_75,0.0,0.0,44.21052631578947,3.922292118051115,252.02972995313297,-6325.572659242933,19.149857704085036,-42.98081296210698,0.5541455846203028
81,SMA28_RSI35_85,0.0,0.0,48.421052631578945,18.24431110605431,252.02972995313297,-1281.4154367796204,45.10426287933844,-41.21678586870259,1.0311992766778693
82,SMA28_RSI40_70,0.0,0.0,48.421052631578945,2.0388515184764744,252.02972995313297,-12261.357738373288,9.56305269612554,-39.982622868815135,0.2379484650371266
83,SMA28_RSI40_75,0.0,0.0,44.21052631578947,3.861309475730717,252.02972995313297,-6427.05336200587,18.910735631062536,-44.290503242576115,0.5491670732659698
84,SMA28_RSI40_85,0.0,0.0,47.368421052631575,17.96065393186229,252.02972995313297,-1303.2324820090819,44.813052861863945,-41.49906855164196,1.028945376298607
85,SMA28_RSI45_75,0.0,0.0,46.31578947368421,3.934492071637656,252.02972995313297,-6305.648438585631,19.197306091981826,-44.09550514712879,0.562379855482208
86,SMA28_RSI45_85,0.0,0.0,49.473684210526315,18.30105847264848,252.02972995313297,-1277.1319857253036,45.16204694625425,-41.1789050966687,1.0464472688737543
87,SMA29_RSI30_70,0.0,0.0,46.31578947368421,2.4340351189565013,252.02972995313297,-10254.399901229897,12.080023367438454,-37.05800794757765,0.3435483685971857
88,SMA29_RSI30_75,0.0,0.0,44.21052631578947,4.514456989675809,252.02972995313297,-5482.725243135646,21.31718141762957,-41.57580904467299,0.6354958952117434
89,SMA29_RSI30_85,0.0,0.0,48.421052631578945,21.1197126333915,252.02972995313297,-1093.3388220190989,47.85254855349292,-39.76831474127408,1.0989356550324687
90,SMA29_RSI35_70,0.0,0.0,46.31578947368421,2.3770864041847592,252.02972995313297,-10502.46398740262,11.740355118171664,-36.705372493207506,0.3324614056736965
91,SMA29_RSI35_75,0.0,0.0,44.21052631578947,4.408832990477084,252.02972995313297,-5616.472601650094,20.94951915829002,-41.24848478225398,0.6255203822238393
92,SMA29_RSI35_85,0.0,0.0,48.421052631578945,20.625578230213392,252.02972995313297,-1121.9280697980485,47.40446855843305,-39.4308639074809,1.090706614815782
93,SMA29_RSI40_70,0.0,0.0,48.421052631578945,2.3401281650765755,252.02972995313297,-10669.911396920683,11.51610318979348,-38.15920518984818,0.32550195129761594
94,SMA29_RSI40_75,0.0,0.0,44.21052631578947,4.340285754010114,252.02972995313297,-5706.754306908837,20.706785341317868,-42.59796541221073,0.6210640001906172
95,SMA29_RSI40_85,0.0,0.0,47.368421052631575,20.30489781631054,252.02972995313297,-1141.2262904897866,47.10864225386444,-39.72172276050874,1.088767117718312
96,SMA29_RSI45_75,0.0,0.0,46.31578947368421,4.456348010540972,252.02972995313297,-5555.521726691588,21.115851936346996,-41.95678095798361,0.6395012570718257
97,SMA29_RSI45_85,0.0,0.0,49.473684210526315,20.84786489100421,252.02972995313297,-1108.899478535488,47.607182838935834,-38.928601273463784,1.1102200815936556
98,SMA30_RSI30_70,0.0,0.0,45.26315789473684,2.58282811323221,252.02972995313297,-9657.897889602,12.935851285395517,-37.93773095561639,0.37916950521011233
99,SMA30_RSI30_75,0.0,-0.08768636580077649,42.10526315789473,4.790426538262602,252.02972995313297,-5161.112511382744,22.243543026644396,-36.255358964239306,0.670977000229591
100,SMA30_RSI30_80,0.0,0.0,48.421052631578945,14.309807565468992,252.02972995313297,-1661.2377301376582,40.655130653860326,-40.069596494334206,1.0317702149527674
101,SMA30_RSI30_85,0.0,0.0,46.31578947368421,24.112585038188087,252.02972995313297,-945.220699290363,50.38607685931853,-38.39917791304674,1.1314706668068097
102,SMA30_RSI35_70,0.0,0.0,46.31578947368421,2.5122959295840235,252.02972995313297,-9931.848835374385,12.535676851335475,-37.93773095561639,0.36606770485129836
103,SMA30_RSI35_75,0.0,-0.08768636580077649,42.10526315789473,4.659608988841143,252.02972995313297,-5308.8171466038275,21.810387920525255,-35.898226631398806,0.6591645031176031
104,SMA30_RSI35_80,0.0,0.0,48.421052631578945,13.919033603389558,252.02972995313297,-1710.6841116595824,40.15673632941492,-39.73383360565402,1.021536642008107
105,SMA30_RSI35_85,0.0,0.0,46.31578947368421,23.454115638914825,252.02972995313297,-974.5650521777417,49.853202112170145,-38.054056426136725,1.1217056980719087
106,SMA30_RSI40_70,0.0,0.0,48.421052631578945,2.650378224169362,252.02972995313297,-9409.198636436879,13.310272852518779,-34.86965047624294,0.3930899409723338
107,SMA30_RSI40_75,0.0,0.0,43.15789473684211,4.915713173651958,252.02972995313297,-5027.022693350033,22.64882282424443,-37.37059889594716,0.6866390773252294
108,SMA30_RSI40_85,0.0,0.0,46.31578947368421,24.74321461278751,252.02972995313297,-918.5811904281903,50.88465892985066,-38.35152684192914,1.1472975682700965
109,SMA30_RSI45_75,0.0,0.0,46.31578947368421,5.106762469998557,252.02972995313297,-4835.2154409720215,23.249825069908958,-35.63617797147223,0.7131456755496763
110,SMA30_RSI45_85,0.0,0.0,48.421052631578945,25.704860171455195,252.02972995313297,-880.4750085083429,51.62402207060517,-36.73861708115351,1.1754651928166702
111,SMA31_RSI30_70,0.0,0.0,45.26315789473684,2.7430789741544364,252.02972995313297,-9087.840828783357,13.810783422996264,-40.651512497568476,0.4326723356039489
112,SMA31_RSI30_75,0.0,0.0,43.15789473684211,5.0876472371579,252.02972995313297,-4853.757959325885,23.190583343699387,-37.20276996487051,0.7207213285613828
113,SMA31_RSI30_80,0.0,0.0,49.473684210526315,15.197655645737969,252.02972995313297,-1558.346101714788,41.7448084906751,-37.314581851633825,1.0761027938640042
114,SMA31_RSI30_85,0.0,0.0,46.31578947368421,25.608643754458843,252.02972995313297,-884.1588346874124,51.551141895747165,-35.567373738127515,1.1739978439620968
115,SMA31_RSI35_70,0.0,0.0,46.31578947368421,2.6562961055908048,252.02972995313297,-9388.013381590881,13.342677190367702,-40.651512497568476,0.4174489902368825
116,SMA31_RSI35_75,0.0,0.0,43.15789473684211,4.926689194884787,252.02972995313297,-5015.600355200138,22.683897789572114,-37.20276996487051,0.7069472761043281
117,SMA31_RSI35_80,0.0,0.0,49.473684210526315,14.716846976061936,252.02972995313297,-1612.5253144445842,41.16180900414468,-36.96338386456141,1.0641285387049229
118,SMA31_RSI35_85,0.0,0.0,46.31578947368421,24.798462353932056,252.02972995313297,-916.3119243285302,50.927808746200974,-35.206386935879564,1.1625639976978062
119,SMA31_RSI40_70,0.0,0.0,48.421052631578945,2.7328592080108445,252.02972995313297,-9122.19956353247,13.756334386169765,-37.71758921712359,0.43305374746707304
120,SMA31_RSI40_75,0.0,0.0,43.15789473684211,5.068692418330294,252.02972995313297,-4872.282970686855,23.13164684921769,-34.598262596020504,0.7238962628841702
121,SMA31_RSI40_85,0.0,0.0,46.31578947368421,25.51323478049523,252.02972995313297,-887.8391827672465,51.47863722213011,-35.517532136144105,1.1791969308072998
122,SMA31_RSI45_75,0.0,0.0,46.31578947368421,5.255716205042323,252.02972995313297,-4695.345108461834,23.70495183579362,-38.600555305370925,0.7389172428903388
123,SMA31_RSI45_85,0.0,0.0,48.421052631578945,26.454617959057277,252.02972995313297,-852.6870898048463,52.183926725693055,-36.18707447499108,1.1976146805013796
124,SMA32_RSI30_70,0.0,0.0,45.26315789473684,1.793235741015344,252.02972995313297,-13954.467250938897,7.774754669757478,-45.65482103338708,0.28672901277292856
125,SMA32_RSI30_75,0.0,-0.08768636580077649,41.05263157894737,3.3259526792012113,252.02972995313297,-7477.670347783257,16.65709081490099,-41.24348461041352,0.5816930263588156
126,SMA32_RSI30_80,0.0,0.0,47.368421052631575,9.9351785130363,252.02972995313297,-2436.740830800733,34.227280590949064,-40.91647239326443,0.9494171522781019
127,SMA32_RSI30_85,0.0,0.0,44.21052631578947,16.74116410504752,252.02972995313297,-1405.4492529414074,43.51352874033088,-41.46517763865063,1.051937174009085
128,SMA32_RSI35_70,0.0,0.0,45.26315789473684,1.7365030901939746,252.02972995313297,-14413.635557364898,7.331474754941114,-45.65482103338708,0.2716832115921575
129,SMA32_RSI35_75,0.0,-0.08768636580077649,41.05263157894737,3.220729418432003,252.02972995313297,-7725.237615764458,16.17727765793664,-41.24348461041352,0.5680502066025928
130,SMA32_RSI35_80,0.0,0.0,47.368421052631575,9.620858984077461,252.02972995313297,-2519.6177531574117,33.67520086050837,-40.58545416641772,0.9375308948317833
131,SMA32_RSI35_85,0.0,0.0,44.21052631578947,16.211523413758847,252.02972995313297,-1454.6332292203542,42.92325446886587,-41.435421976770684,1.0405809370788783
132,SMA32_RSI40_70,0.0,0.0,47.368421052631575,2.0079923828073403,252.02972995313297,-12451.3289846635,9.349038240283658,-37.94172864823382,0.34086160591063314
133,SMA32_RSI40_75,0.0,-0.0756363720003872,41.05263157894737,3.724266415542373,252.02972995313297,-6667.231498298419,18.361120130653276,-36.10491939892966,0.6357528481645749
134,SMA32_RSI40_80,0.0,0.0,48.421052631578945,11.125008452437125,252.02972995313297,-2165.434053651631,36.18796055907556,-37.89487916091788,1.0006876936303915
135,SMA32_RSI40_85,0.0,0.0,44.21052631578947,18.746074056738006,252.02972995313297,-1244.440063505161,45.60985446277337,-39.47884602978038,1.1017072955704061
136,SMA32_RSI45_70,0.0,0.0,49.473684210526315,2.121660115052615,252.02972995313297,-11778.892767274503,10.123696124678737,-41.7448599177089,0.3559256711501958
137,SMA32_RSI45_75,0.0,0.0,43.15789473684211,3.9350883894485387,252.02972995313297,-6304.677735547696,19.19962201773504,-38.821517153689825,0.6565414240257269
138,SMA32_RSI45_80,0.0,0.0,47.368421052631575,11.754769049551564,252.02972995313297,-2044.0636467693744,37.15275256003441,-36.543888417182444,1.0245539792883627
139,SMA32_RSI45_85,0.0,0.0,45.26315789473684,19.80724527669672,252.02972995313297,-1172.4118191722837,46.64139368452078,-36.41672186090427,1.1255383200191624
140,SMA33_RSI30_70,0.0,0.0,47.368421052631575,1.798441316401772,252.02972995313297,-13913.786697103964,7.814813408988264,-48.47445621303584,0.2811521216207519
141,SMA33_RSI30_75,0.0,0.0,42.10526315789473,3.3238100650970033,252.02972995313297,-7482.555110464101,16.647453439037243,-45.67313256227626,0.5757449289742119
142,SMA33_RSI30_80,0.0,0.0,48.421052631578945,9.928778165327522,252.02972995313297,-2438.376079679682,34.216191691464374,-39.340152834885345,0.9447613885787057
143,SMA33_RSI30_85,0.0,0.0,44.21052631578947,16.730379269004413,252.02972995313297,-1406.4197045434385,43.50167267733169,-41.12127960197363,1.0475909387558187
144,SMA33_RSI35_70,0.0,0.0,47.368421052631575,1.6950875295252157,252.02972995313297,-14768.242823054987,6.999830713700428,-48.47445621303584,0.2533361466037926
145,SMA33_RSI35_75,0.0,0.0,42.10526315789473,3.132795571628016,252.02972995313297,-7944.882731437245,15.765703955860166,-45.67313256227626,0.5504779943609157
146,SMA33_RSI35_80,0.0,0.0,48.421052631578945,9.358185834576911,252.02972995313297,-2593.1473087649724,33.20163840145367,-39.309316935345215,0.9227131899367687
147,SMA33_RSI35_85,0.0,0.0,44.21052631578947,15.768908890425594,252.02972995313297,-1498.2699355068112,42.41692953045786,-41.091349122552835,1.0265205253020795
148,SMA33_RSI40_70,0.0,0.0,47.368421052631575,1.9091953319593398,252.02972995313297,-13100.835228026865,8.644019543070014,-42.41663257428687,0.30988577781296284
149,SMA33_RSI40_75,0.0,-0.030580651618417054,41.05263157894737,3.5285013765692272,252.02972995313297,-7042.684756387492,17.544591604548266,-39.74651416933691,0.6066855749989535
150,SMA33_RSI40_80,0.0,0.0,47.368421052631575,10.54022544545914,252.02972995313297,-2291.1227635241003,35.24845141463857,-37.46504738464934,0.9758371338304755
151,SMA33_RSI40_85,0.0,0.0,44.21052631578947,17.7606918340818,252.02972995313297,-1319.0310394863202,44.6053472418243,-39.12327809281281,1.07805891774118
152,SMA33_RSI45_70,0.0,0.0,49.473684210526315,1.9834706521974117,252.02972995313297,-12606.501589721976,9.176920676764855,-45.94552728063558,0.31564851238005776
153,SMA33_RSI45_75,0.0,0.0,43.15789473684211,3.6657741664813117,252.02972995313297,-6775.211578978697,18.12115022589913,-43.43375699537139,0.6188080391227156
154,SMA33_RSI45_80,0.0,0.0,47.368421052631575,10.950282293618075,252.02972995313297,-2201.5820340998716,35.91184782976078,-41.327838466674564,0.9920245186162828
155,SMA33_RSI45_85,0.0,0.0,44.21052631578947,18.45165365005923,252.02972995313297,-1265.8923732958965,45.314639421988566,-41.21025898464382,1.0945445389636146
156,SMA34_RSI30_70,0.0,0.0,45.26315789473684,1.965110600407044,252.02972995313297,-12725.218585708544,9.0468331374989,-52.770992395466095,0.23945804209313282
157,SMA34_RSI30_75,0.0,0.0,40.0,3.6318418249698152,252.02972995313297,-6839.446762806847,17.980405371831985,-50.20326139680835,0.5368220725691453
158,SMA34_RSI30_80,0.0,0.0,47.368421052631575,10.848920698069733,252.02972995313297,-2223.0857425105405,35.74990483181146,-43.22566832613375,0.9098940473170642
159,SMA34_RSI30_85,0.0,0.0,43.15789473684211,18.280855399902208,252.02972995313297,-1278.6539220395628,45.1414927189624,-45.67962378422252,1.014093343539109
160,SMA34_RSI35_70,0.0,0.0,45.26315789473684,1.8521785740289542,252.02972995313297,-13507.20469867573,8.222537484860947,-52.770992395466095,0.2116403999559001
161,SMA34_RSI35_75,0.0,0.0,40.0,3.423125197674854,252.02972995313297,-7262.562436346859,17.08857997492348,-50.20326139680835,0.5115544000743731
162,SMA34_RSI35_80,0.0,0.0,47.368421052631575,10.225449124411545,252.02972995313297,-2364.7301735769656,34.72375805451093,-43.22566832613375,0.8878467716355567
163,SMA34_RSI35_85,0.0,0.0,43.15789473684211,17.23028143027007,252.02972995313297,-1362.7139491196492,44.04435401237776,-45.67962378422252,0.9930243346321829
164,SMA34_RSI40_70,0.0,0.0,45.26315789473684,1.7923813426678727,252.02972995313297,-13961.166781506381,7.768170090245108,-47.21830963515761,0.25487078654075096
165,SMA34_RSI40_75,0.0,-0.05029377683797298,38.94736842105263,3.3126102547349583,252.02972995313297,-7508.191443375757,16.59698890471859,-44.77084313244998,0.5556892506551799
166,SMA34_RSI40_80,0.0,0.0,46.31578947368421,9.895322453237885,252.02972995313297,-2446.9582334900606,34.15812649233618,-42.67961994091987,0.9305020609833068
167,SMA34_RSI40_85,0.0,0.0,43.15789473684211,16.67400508653657,252.02972995313297,-1411.5128527616585,43.43959035258207,-42.598612383424566,1.0345878850876267
168,SMA34_RSI45_70,0.0,0.0,47.368421052631575,1.8528615677533813,252.02972995313297,-13502.188870414227,8.227652884257708,-50.452942065449534,0.25647273105793755
169,SMA34_RSI45_75,0.0,0.0,41.05263157894737,3.4243874804054477,252.02972995313297,-7259.8484807943705,17.09411444921414,-48.150619582564886,0.5642164859921349
170,SMA34_RSI45_80,0.0,0.0,46.31578947368421,10.22921977464981,252.02972995313297,-2363.8216355241134,34.73012609805068,-46.220306287520835,0.9437801588730877
171,SMA34_RSI45_85,0.0,0.0,43.15789473684211,17.2366351232952,252.02972995313297,-1362.1747699034158,44.05116261637794,-46.11253135022128,1.0483645680999125
172,SMA35_RSI30_70,0.0,0.0,44.21052631578947,2.1552113738645358,252.02972995313297,-11593.968072431586,10.345432499062458,-49.646537956676305,0.2996639619966031
173,SMA35_RSI30_75,0.0,0.0,40.0,3.967447600218428,252.02972995313297,-6252.440040777286,19.32483937251035,-47.11861544447496,0.5916041971593363
174,SMA35_RSI30_80,0.0,0.0,47.368421052631575,11.754832221472611,252.02972995313297,-2044.0521243063681,37.15284705556525,-42.722690501586555,0.9559715557289377
175,SMA35_RSI30_85,0.0,0.0,43.15789473684211,19.807351723852644,252.02972995313297,-1172.404981073925,46.64149471753743,-45.198386157075326,1.0584055863365278
176,SMA35_RSI35_70,0.0,0.0,44.21052631578947,1.9676435808998913,252.02972995313297,-12708.708467306285,9.064843057904937,-49.646537956676305,0.25678574570991275
177,SMA35_RSI35_75,0.0,0.0,40.0,3.6221611011306454,252.02972995313297,-6857.993388931894,17.940041416604412,-47.11861544447496,0.5526265124909618
178,SMA35_RSI35_80,0.0,0.0,47.368421052631575,10.731810552605937,252.02972995313297,-2248.436256097851,35.5611501109224,-42.722690501586555,0.9219442707632766
179,SMA35_RSI35_85,0.0,0.0,43.15789473684211,18.083520227614944,252.02972995313297,-1293.698388261064,44.93967937712966,-45.198386157075326,1.0258847865942229
180,SMA35_RSI40_70,0.0,0.0,45.26315789473684,1.9342784353105078,252.02972995313297,-12929.651023983777,8.825973089969242,-42.435532207757056,0.3086796499813258
181,SMA35_RSI40_75,0.0,0.0,40.0,3.560740458865664,252.02972995313297,-6978.014611416566,17.68173330262708,-39.70365473411577,0.60463583894545
182,SMA35_RSI40_80,0.0,0.0,47.368421052631575,10.549832258873648,252.02972995313297,-2288.9453762750245,35.2642488669245,-38.90971730910449,0.9713824465227792
183,SMA35_RSI40_85,0.0,0.0,43.15789473684211,17.776879690161987,252.02972995313297,-1317.7388515072773,44.62223760951032,-38.7872918928903,1.0739057585223337
184,SMA35_RSI45_70,0.0,0.0,46.31578947368421,1.9305282162420823,252.02972995313297,-12954.962255031305,8.798900157098943,-47.73821793212258,0.29462803155817857
185,SMA35_RSI45_75,0.0,0.0,41.05263157894737,3.5538368215594818,252.02972995313297,-6991.764270778706,17.652457298238588,-45.2528783619473,0.5988919918796162
186,SMA35_RSI45_80,0.0,0.0,46.31578947368421,10.529378025716927,252.02972995313297,-2293.5861105715476,35.2305988123893,-42.933570716263866,0.972060971117853
187,SMA35_RSI45_85,0.0,0.0,44.21052631578947,17.742413507851214,252.02972995313297,-1320.492932608109,44.58625954270157,-43.11617287694687,1.0756110680539708
188,SMA28_ROC10>0,0.0,0.0,45.26315789473684,65.08687020550494,252.02972995313297,-287.2205394995575,70.80283386823636,-42.0613387556145,1.3933787588925979
189,SMA28_ROC10>1,0.0,0.0,47.368421052631575,59.687156608214046,252.02972995313297,-322.25119150415196,68.91687624730865,-41.06458820732934,1.3957223556662057
190,SMA28_ROC10>2,0.0,0.0,46.31578947368421,50.69385696946035,252.02972995313297,-397.1602971637451,65.41701560524518,-38.82057488600625,1.3573432678472641
191,SMA28_ROC10>3,0.0,0.0,46.31578947368421,70.14605980896809,252.02972995313297,-259.292782288124,72.44989482015734,-38.422257650198134,1.5037787151087632
192,SMA28_ROC15>0,0.0,0.0,47.368421052631575,117.09458169522762,252.02972995313297,-115.23603082601461,84.15875546696073,-42.0019743011899,1.5279698911981592
193,SMA28_ROC15>1,0.0,0.0,46.31578947368421,116.6948369047359,252.02972995313297,-115.973334072079,84.07803506235814,-37.51503590990694,1.5463874525972214
194,SMA28_ROC15>2,0.0,0.0,48.421052631578945,87.485699948596,252.02972995313297,-188.0810579342889,77.40339296792908,-35.78801456524247,1.4495452036696126
195,SMA28_ROC15>3,0.0,0.0,45.26315789473684,78.88489154318322,252.02972995313297,-219.4904943428447,75.06529877098482,-39.67447960816887,1.4403437285240008
196,SMA28_ROC20>0,0.0,0.0,45.26315789473684,181.66427518926486,252.02972995313297,-38.73378774696272,94.82507694648467,-48.27464550204134,1.548182617494305
197,SMA28_ROC20>1,0.0,0.0,43.15789473684211,143.5292000761867,252.02972995313297,-75.59474296474384,89.02791759805228,-49.26521870446138,1.4819380547106693
198,SMA28_ROC20>2,0.0,0.0,43.15789473684211,137.25604624514534,252.02972995313297,-83.6201295664577,87.94799131471933,-44.776993633707455,1.4887990205184591
199,SMA28_ROC20>3,0.0,0.0,43.15789473684211,187.15604882053884,252.02972995313297,-34.66288241359516,95.57037825382551,-41.34820801805969,1.6163478536305511
200,SMA29_ROC10>0,0.0,0.0,45.26315789473684,71.55280032858104,252.02972995313297,-252.22902359624663,72.88944200238188,-40.45165555144268,1.4262859744928542
201,SMA29_ROC10>1,0.0,0.0,47.368421052631575,64.93964769247984,252.02972995313297,-288.09839429159484,70.75325435218525,-37.97194620971618,1.4257813212873316
202,SMA29_ROC10>2,0.0,0.0,45.26315789473684,52.69059133494851,252.02972995313297,-378.32017741271244,66.23831775556559,-39.99905341543775,1.368899703982958
203,SMA29_ROC10>3,0.0,0.0,46.31578947368421,74.34098454142617,252.02972995313297,-239.01855283163567,73.73881494719998,-36.71147152772963,1.5229127732627148
204,SMA29_ROC15>0,0.0,0.0,47.368421052631575,130.61863043824349,252.02972995313297,-92.95082876580356,86.75745516352924,-39.09901796518508,1.578194179569888
205,SMA29_ROC15>1,0.0,0.0,46.31578947368421,128.06356777503288,252.02972995313297,-96.80049082801547,86.28506046935252,-34.387496304466694,1.5917695698408907
206,SMA29_ROC15>2,0.0,0.0,48.421052631578945,93.50738783947531,252.02972995313297,-169.5292166494843,78.92380284078698,-34.10909511857836,1.4867360111040204
207,SMA29_ROC15>3,0.0,0.0,45.26315789473684,79.06410258682754,252.02972995313297,-218.76631961560054,75.11623644450032,-39.67767583466806,1.4529706029306348
208,SMA29_ROC20>0,0.0,0.0,45.26315789473684,183.31473416862056,252.02972995313297,-37.48470961494317,95.05110598584703,-46.27305135239176,1.565418496362498
209,SMA29_ROC20>1,0.0,0.0,43.15789473684211,149.1146709519145,252.02972995313297,-69.01739335521577,89.95536665948005,-47.301956346754245,1.5090567964970918
210,SMA29_ROC20>2,0.0,0.0,44.21052631578947,141.78439796701937,252.02972995313297,-77.75561596823783,88.73174669394679,-42.640052330130864,1.5144614997210875
211,SMA29_ROC20>3,0.0,0.0,43.15789473684211,187.2654282213349,252.02972995313297,-34.58422750367522,95.58502772380217,-40.989843405212994,1.6306299713518273
212,SMA30_ROC10>0,0.0,0.0,45.26315789473684,89.78165246322413,252.02972995313297,-180.71406912048985,77.99355259616678,-37.14005402316112,1.489128152075008
213,SMA30_ROC10>1,0.0,0.0,47.368421052631575,79.88994309665947,252.02972995313297,-215.47115967800883,75.34967468274161,-37.97194620971622,1.4836595545487998
214,SMA30_ROC10>2,0.0,0.0,45.26315789473684,55.02096932747682,252.02972995313297,-358.06123198791465,67.1632205441234,-39.99905341543772,1.3602678063221405
215,SMA30_ROC10>3,0.0,0.0,46.31578947368421,74.44552047223907,252.02972995313297,-238.5425051156913,73.77011649874086,-36.08263762497568,1.4977062722949266
216,SMA30_ROC15>0,0.0,0.0,46.31578947368421,166.46218697623846,252.02972995313297,-51.40359172927891,92.65445348850405,-39.872389612465845,1.6511658097237079
217,SMA30_ROC15>1,0.0,0.0,45.26315789473684,156.6879339966386,252.02972995313297,-60.84820542629639,91.16565791053388,-35.220698797592696,1.6526962524268725
218,SMA30_ROC15>2,0.0,0.0,48.421052631578945,108.35529612823152,252.02972995313297,-132.595672716239,82.33651299505986,-33.43026429069757,1.5276036326171993
219,SMA30_ROC15>3,0.0,0.0,44.21052631578947,89.50371636866885,252.02972995313297,-181.58577115950578,77.92281567054383,-38.77314393033229,1.4858690370478747
220,SMA30_ROC20>0,0.0,0.0,44.21052631578947,213.57866266177953,252.02972995313297,-18.003234411222092,98.90972774339875,-47.512970970166165,1.6016856699738853
221,SMA30_ROC20>1,0.0,0.0,42.10526315789473,168.23361249588476,252.02972995313297,-49.80937888336554,92.91607788104592,-48.518130720857634,1.5342976013001846
222,SMA30_ROC20>2,0.0,0.0,43.15789473684211,159.79324614321354,252.02972995313297,-57.722391925909776,91.64722344815573,-43.96381491446946,1.5400812275753895
223,SMA30_ROC20>3,0.0,0.0,43.15789473684211,204.47594572929376,252.02972995313297,-23.25641974865631,97.80213906154135,-42.35168979052919,1.6358895024392548
224,SMA31_ROC10>0,0.0,0.0,44.21052631578947,98.76361738193766,252.02972995313297,-155.1847903448961,80.1826934916497,-36.136106601995756,1.5253897454305776
225,SMA31_ROC10>1,0.0,0.0,47.368421052631575,87.88231844914216,252.02972995313297,-186.7809297714233,77.50629855062152,-38.826075827416645,1.5208909677451232
226,SMA31_ROC10>2,0.0,0.0,44.21052631578947,59.51718994432518,252.02972995313297,-323.45703852767895,68.85513244365566,-40.82526965851391,1.3917586927747352
227,SMA31_ROC10>3,0.0,0.0,45.26315789473684,79.4785435316111,252.02972995313297,-217.1041123229603,75.23364974107074,-35.52835341567145,1.5252726500618639
228,SMA31_ROC15>0,0.0,0.0,47.368421052631575,178.63815800132707,252.02972995313297,-41.08392785334289,94.40596134118368,-39.87238961246582,1.6864869241524574
229,SMA31_ROC15>1,0.0,0.0,45.26315789473684,164.69438656866822,252.02972995313297,-53.028731096460824,92.39093347320807,-35.220698797592746,1.6812714172590237
230,SMA31_ROC15>2,0.0,0.0,48.421052631578945,115.58150332503975,252.02972995313297,-118.05368740045874,83.85194235520983,-33.43026429069752,1.5618014360789592
231,SMA31_ROC15>3,0.0,0.0,44.21052631578947,85.62840654863301,252.02972995313297,-194.32958069818994,76.91602478220263,-38.79906999219258,1.4789194876118372
232,SMA31_ROC20>0,0.0,0.0,45.26315789473684,229.27711257830217,252.02972995313297,-9.923632201648736,100.72664965707516,-45.48446819377362,1.6363307308062756
233,SMA31_ROC20>1,0.0,0.0,43.15789473684211,179.43534985268295,252.02972995313297,-40.45712294709502,94.51696893532497,-46.873040201728124,1.5669970672731859
234,SMA31_ROC20>2,0.0,0.0,43.15789473684211,166.91412161107326,252.02972995313297,-50.99365321550664,92.72143014486616,-42.173192349609636,1.5663768444871953
235,SMA31_ROC20>3,0.0,0.0,43.15789473684211,204.55750840043336,252.02972995313297,-23.20727404430931,97.81225258470813,-40.5095521623242,1.64561882043507
236,SMA32_ROC10>0,0.0,0.0,44.21052631578947,85.85912311551898,252.02972995313297,-193.5386721968265,76.97706503901733,-36.36593740903712,1.5180379486982893
237,SMA32_ROC10>1,0.0,0.0,47.368421052631575,77.919836093698,252.02972995313297,-223.4474590655827,74.78925127613705,-39.046226081565,1.5207128207757628
238,SMA32_ROC10>2,0.0,0.0,44.21052631578947,52.770224626050336,252.02972995313297,-377.5983648716875,66.27050653947737,-41.038225294433,1.39157282180675
239,SMA32_ROC10>3,0.0,0.0,45.26315789473684,70.54530398378208,252.02972995313297,-257.25940030122064,72.57541716049461,-35.7603713803987,1.525502995817959
240,SMA32_ROC15>0,0.0,0.0,46.31578947368421,171.78051937932867,252.02972995313297,-46.716129898639224,93.4327865284228,-40.0887744347114,1.6817825997150015
241,SMA32_ROC15>1,0.0,0.0,45.26315789473684,162.20670043676614,252.02972995313297,-55.37565912783178,92.01589455710595,-35.22069879759271,1.6847097151461312
242,SMA32_ROC15>2,0.0,0.0,48.421052631578945,113.83566056186702,252.02972995313297,-121.39787190514059,83.49354899467359,-33.43026429069751,1.5652921656430074
243,SMA32_ROC15>3,0.0,0.0,44.21052631578947,84.33500120613166,252.02972995313297,-198.84357188437306,76.57115201206946,-38.79906999219261,1.4824801355088526
244,SMA32_ROC20>0,0.0,0.0,45.26315789473684,205.4496820640082,252.02972995313297,-22.672241407807437,97.92265046410793,-48.61691883676153,1.6060116500593746
245,SMA32_ROC20>1,0.0,0.0,43.15789473684211,162.8581663912951,252.02972995313297,-54.75412473181582,92.1145903892327,-50.19778513476415,1.5409541953963142
246,SMA32_ROC20>2,0.0,0.0,43.15789473684211,153.28709534612727,252.02972995313297,-64.41679541519238,90.62862160049478,-45.209885866970936,1.5437789148177878
247,SMA32_ROC20>3,0.0,0.0,43.15789473684211,187.8572405455662,252.02972995313297,-34.160242757319345,95.66416157023471,-43.63360940556324,1.6226404714556117
248,Dual_SMA20_40_ROC20,0.0,0.0,41.05263157894737,47.49798160213917,252.02972995313297,-430.611452217545,64.04182062368604,-46.68577800603537,1.4268225834061348
249,Dual_SMA20_50_ROC20,0.0,0.0,37.89473684210527,72.12746695303275,252.02972995313297,-249.42268264771755,73.0668364888033,-39.444244916580686,1.5386331377686657
250,Dual_SMA20_60_ROC20,0.0,0.0,42.10526315789473,78.23896398459604,252.02972995313297,-222.12815343867982,74.88086387119691,-33.405801969185,1.6182305162775867
251,Dual_SMA25_40_ROC20,0.0,0.0,36.84210526315789,51.174486341264554,252.02972995313297,-392.490981291802,65.61725289726894,-37.48346727141102,1.295882240763408
252,Dual_SMA25_50_ROC20,0.0,0.0,38.94736842105263,106.9100797185007,252.02972995313297,-135.73991396951456,82.0229008374694,-42.397646279794486,1.534289012495867
253,Dual_SMA25_60_ROC20,0.0,0.0,35.78947368421053,70.32616528040316,252.02972995313297,-258.37263264425803,72.50659687222804,-34.404124708405895,1.4593853154151333
254,Dual_SMA30_40_ROC20,0.0,0.0,40.0,77.32673836188,252.02972995313297,-225.92830797241646,74.61811733579754,-41.97252594944162,1.4618639223782612
255,Dual_SMA30_50_ROC20,0.0,0.0,33.68421052631579,85.2563037771028,252.02972995313297,-195.61418779313811,76.81727546652503,-41.06688176527727,1.4681932423477302
256,Dual_SMA30_60_ROC20,0.0,0.0,31.57894736842105,75.77355806751248,252.02972995313297,-232.60907416882856,74.16447552818543,-33.59233275142966,1.4890050856660182
257,SMA28_LowVol50,0.0,0.0,34.73684210526316,6.6208759865011055,252.02972995313297,-3706.5919142267703,27.421796511307363,-43.27682007485583,1.1590311780306561
258,SMA28_LowVol60,0.0,0.0,37.89473684210527,14.124617765283931,252.02972995313297,-1684.329559505547,40.42043798659356,-38.43796823189012,1.4230528203111188
259,SMA28_LowVol70,0.0,0.0,47.368421052631575,28.79819986410079,252.02972995313297,-775.1579305042179,53.849056465221935,-38.85335223142042,1.6038331938359698
260,SMA28_LowVol75,0.0,0.0,46.31578947368421,34.823469867808896,252.02972995313297,-623.7352593232282,57.642180617425694,-34.74863522314759,1.618413762251038
261,SMA28_LowVol80,0.0,0.0,47.368421052631575,55.55954665954372,252.02972995313297,-353.62092584648667,67.37210811509897,-36.11832888084104,1.6791665225350516
262,SMA29_LowVol50,0.0,0.0,34.73684210526316,7.117340329507757,252.02972995313297,-3441.0661607432735,28.608474401634787,-40.84284016816706,1.2064007195940005
263,SMA29_LowVol60,0.0,0.0,38.94736842105263,15.443587092332443,252.02972995313297,-1531.9377644994327,42.036819289631524,-35.7963541944498,1.4741200096450875
264,SMA29_LowVol70,0.0,0.0,47.368421052631575,30.888169248146422,252.02972995313297,-715.9425957828727,55.2371439138315,-36.514080317561515,1.6405509716948021
265,SMA29_LowVol75,0.0,0.0,46.31578947368421,37.350710674991504,252.02972995313297,-574.7655543857742,59.06449114252115,-32.25233018380744,1.6521137167887299
266,SMA29_LowVol80,0.0,0.0,47.368421052631575,64.90287625789657,252.02972995313297,-288.31827568268847,70.74085569566444,-35.025122917085916,1.7411816015477923
267,SMA30_LowVol50,0.0,0.0,33.68421052631579,7.272731294909732,252.02972995313297,-3365.4068703120033,28.96507202656615,-39.23615527519769,1.2138575441977475
268,SMA30_LowVol60,0.0,0.0,37.89473684210527,16.187509376429578,252.02972995313297,-1456.9395148589701,42.89609491599222,-33.49404947677929,1.4938928978100117
269,SMA30_LowVol70,0.0,0.0,46.31578947368421,33.012610039974994,252.02972995313297,-663.4347288746633,56.5666031786374,-34.23751283363366,1.66821922640211
270,SMA30_LowVol75,0.0,0.0,45.26315789473684,40.08058337658914,252.02972995313297,-528.8075390148693,60.50950549098364,-31.559738471306964,1.6796241969581767
271,SMA30_LowVol80,0.0,0.0,46.31578947368421,66.93666442984286,252.02972995313297,-276.51970276661814,71.41759120315889,-33.26317920933423,1.7505837019821138
272,SMA31_LowVol50,0.0,0.0,33.68421052631579,7.922555111010398,252.02972995313297,-3081.1672676517423,30.38784711876179,-36.16085367032807,1.2624683863947932
273,SMA31_LowVol60,0.0,0.0,37.89473684210527,17.56389478269689,252.02972995313297,-1334.9307660475204,44.39892905331837,-30.128135794000766,1.5351479717120444
274,SMA31_LowVol70,0.0,0.0,46.31578947368421,36.58976408674288,252.02972995313297,-588.7984556436312,58.64529682150699,-30.909226362642944,1.7146353182391694
275,SMA31_LowVol75,0.0,0.0,45.26315789473684,42.818524396309975,252.02972995313297,-488.5997556115045,61.875036621373795,-31.559738471306982,1.7067212191746481
276,SMA31_LowVol80,0.0,0.0,46.31578947368421,70.66108795762187,252.02972995313297,-256.67400154422296,72.61170378323347,-34.065239435265696,1.7715803221795168
277,SMA32_LowVol50,0.0,0.0,32.631578947368425,7.151429913810731,252.02972995313297,-3424.186533191314,28.687281687638546,-41.00300431404275,1.2016015126671893
278,SMA32_LowVol60,0.0,0.0,36.84210526315789,15.854350117102966,252.02972995313297,-1489.6566437072343,42.51562602726538,-35.427863495487465,1.480842295656207
279,SMA32_LowVol70,0.0,0.0,45.26315789473684,33.02837654805995,252.02972995313297,-663.0702937711811,56.57618751763731,-36.14970893919931,1.6663209618049026
280,SMA32_LowVol75,0.0,0.0,44.21052631578947,38.43264633030538,252.02972995313297,-555.7699092253229,59.64787351968468,-31.86349889719723,1.6598583621543739
281,SMA32_LowVol80,0.0,0.0,45.26315789473684,63.42331131392076,252.02972995313297,-297.3771232247457,70.23681988754731,-34.302522795649566,1.7272418519372024
282,Vote6_3_of_6,0.0,0.0,47.368421052631575,224.32362982205453,252.02972995313297,-12.350950344846146,100.16537030435711,-42.010596185990686,1.606420745334276
283,Vote6_4_of_6,0.0,0.0,46.31578947368421,233.79528103527085,252.02972995313297,-7.799322910675532,101.22945917763988,-39.417076697413016,1.645347569651216
284,Vote6_5_of_6,0.0,0.0,43.15789473684211,181.05759352064334,252.02972995313297,-39.19865223680758,94.74154222241154,-38.305736287007456,1.6221363092628147
285,MultiFilter_SMA29_RSI_Vol,0.0,0.0,40.0,3.2045226669865117,252.02972995313297,-7764.813457229754,16.102164632292148,-30.738446376463585,0.769656629446286
286,MultiFilter_SMA30_RSI_Vol,0.0,0.0,40.0,3.606779050611495,252.02972995313297,-6887.66756756014,17.87571181850538,-27.63562271471572,0.8378842131912521
287,MultiFilter_SMA31_RSI_Vol,0.0,0.0,40.0,3.931132613573289,252.02972995313297,-6311.12256256461,19.184253208478232,-26.420369915405313,0.8877970384371752
288,Adaptive_25_30_40,0.0,0.0,47.368421052631575,125.30124873930836,252.02972995313297,-101.13904090252572,85.76501223711679,-51.602393468989085,1.5264735269358198
289,Adaptive_25_30_50,0.0,0.0,47.368421052631575,158.30968784046343,252.02972995313297,-59.20044653686381,91.41818375628957,-46.57202274898001,1.5591199189738663
290,Adaptive_28_31_45,0.0,0.0,47.368421052631575,166.47630177058426,252.02972995313297,-51.39075488380755,92.656547696124,-50.311078875668336,1.632269069327686
