Rank,Strategy,Return_x,Benchmark_x,Gap_%,CAGR_%,MDD_%,Sharpe
1,Price>SMA31,267.6668453291324,252.02972995313297,6.204472535405747,104.75033090930465,-37.101072744472305,1.7020271936698375
2,Price>SMA30,252.02972995313297,252.02972995313297,0.0,103.17629161962563,-38.091226700929035,1.6637684985897916
3,Price>1%_SMA30+ROC20>0,250.0943239874396,252.02972995313297,-0.7679276433194104,102.97559067804806,-41.71514211180253,1.6612159930672477
4,Price>EMA22,249.42784072934043,252.02972995313297,-1.0323739283759847,102.90616309635033,-48.877514962911775,1.5329203212398617
5,Price>EMA20,241.23579966680913,252.02972995313297,-4.282800401496711,102.0393164580001,-47.12489639230989,1.498274987023784
6,Trend_SMA30+ROC18>0%,237.94124312376846,252.02972995313297,-5.590009889700065,101.68344864613586,-47.332370004926624,1.7443491307187913
7,Price>EMA23,235.63866027254164,252.02972995313297,-6.503625458647033,101.43217162810151,-49.18207147385935,1.516491469149213
8,Price>1%_SMA35+ROC20>0,227.307577251652,252.02972995313297,-9.809220803465635,100.5047596324697,-39.53376906114637,1.632945145322909
9,Price>SMA38,220.95968970758926,252.02972995313297,-12.327926650289012,99.77800899257801,-45.7855853463242,1.6634254856105113
10,Price>SMA29,220.74760807485043,252.02972995313297,-12.412076100744029,99.75341566833316,-38.7335760446383,1.632595273688701
11,Price>EMA21,217.65584788842267,252.02972995313297,-13.63882033722863,99.39253101689773,-46.17076831651147,1.4778844414189773
12,Price>EMA24,217.49665062371983,252.02972995313297,-13.701986402887812,99.37382805334695,-44.41682229754731,1.505296707198096
13,Price>EMA25,213.85532357349197,252.02972995313297,-15.146787002763462,98.94274178133573,-43.90781705359817,1.5032026307989441
14,Trend_SMA30+ROC20>0%,213.57866266177953,252.02972995313297,-15.256560128245077,98.90972774339875,-47.512970970166165,1.6016856699738853
15,Price>0%_SMA30+ROC20>0,213.57866266177953,252.02972995313297,-15.256560128245077,98.90972774339875,-47.512970970166165,1.6016856699738853
16,Price>EMA37,208.63798683711516,252.02972995313297,-17.216914498177204,98.31378679568567,-47.22623603114111,1.4989562523045874
17,Trend_SMA32+ROC18>0%,208.5514250983987,252.02972995313297,-17.25126034250777,98.30323656815618,-48.07661572809085,1.75832870806006
18,Price>EMA26,208.38742306089284,252.02972995313297,-17.31633283912806,98.28323737031246,-42.53656531695892,1.4934472500360139
19,Price>EMA34,206.96655662138056,252.02972995313297,-17.880102216564797,98.10939329512307,-43.0062613352593,1.493721591105803
20,Trend_SMA35+ROC18>0%,206.2962928750875,252.02972995313297,-18.14604851838313,98.0270245814645,-44.50543613974184,1.725021092995397
21,Price>EMA35,205.65767967531235,252.02972995313297,-18.399436561092962,97.94832807243507,-43.006261335259275,1.4914509865517902
22,Price>SMA39,205.61035146603336,252.02972995313297,-18.41821538107099,97.94248732638147,-42.294700373640104,1.688306855706094
23,Trend_SMA32+ROC20>0%,205.4496820640082,252.02972995313297,-18.48196555929601,97.92265046410793,-48.61691883676153,1.6060116500593746
24,Price>0%_SMA32+ROC20>0,205.4496820640082,252.02972995313297,-18.48196555929601,97.92265046410793,-48.61691883676153,1.6060116500593746
25,Trend_SMA30+ROC20>3%,204.47594572929376,252.02972995313297,-18.868323285781496,97.80213906154135,-42.35168979052919,1.6358895024392548
26,Price>1%_SMA32+ROC20>0,204.218759563236,252.02972995313297,-18.97036924921033,97.77022571352123,-40.14376833910838,1.61597631869596
27,Trend_SMA35+ROC20>0%,203.86803494750393,252.02972995313297,-19.109529266481818,97.72664898297327,-45.08290014345541,1.5814352496637745
28,Price>0%_SMA35+ROC20>0,203.86803494750393,252.02972995313297,-19.109529266481818,97.72664898297327,-45.08290014345541,1.5814352496637745
29,Price>SMA35,200.56527697747688,252.02972995313297,-20.419992905291895,97.31305154104209,-48.25920049775873,1.5856362107159137
30,Price>SMA36,199.5334784228388,252.02972995313297,-20.829388477326173,97.18262418693864,-43.264844823119944,1.6196769694232014
31,Price>EMA27,199.30774266640356,252.02972995313297,-20.918955591680987,97.15401106361139,-40.57255106453554,1.4593356153545685
32,Price>EMA33,197.51763272899146,252.02972995313297,-21.629232882278803,96.92609997397803,-43.006261335259296,1.4771756149098243
33,Price>EMA39,196.63925299167815,252.02972995313297,-21.977755152836586,96.81360816817337,-47.13371721368636,1.4817855281464385
34,Price>EMA36,195.36541458727677,252.02972995313297,-22.483186954330115,96.64969018304541,-47.22623603114112,1.475329197912266
35,Price>SMA28,195.2618245502273,252.02972995313297,-22.5242892628033,96.63631924898881,-41.01605288067318,1.5792284742219138
36,Price>SMA37,193.08417598770205,252.02972995313297,-23.38833358127723,96.35379688176296,-42.95217349776521,1.633519496433538
37,Price>EMA38,192.9528867898402,252.02972995313297,-23.44042632362404,96.33667513189454,-47.226236031141106,1.4763357091616005
38,Price>2%_SMA32+ROC20>0,191.89924409675515,252.02972995313297,-23.858489182034038,96.19889794059179,-41.820683335355994,1.6156170005185622
39,Trend_SMA28+ROC18>0%,189.70666301126153,252.02972995313297,-24.72845840586384,95.91006294092941,-48.36648887836563,1.6853727183285505
40,Trend_SMA32+ROC20>3%,187.8572405455662,252.02972995313297,-25.462269637594016,95.66416157023471,-43.63360940556324,1.6226404714556117
41,Trend_SMA28+ROC20>3%,187.15604882053884,252.02972995313297,-25.740487499097007,95.57037825382551,-41.34820801805969,1.6163478536305511
42,Price>EMA32,185.80237775683736,252.02972995313297,-26.277595190302005,95.38845701499883,-43.006261335259275,1.455284596579529
43,Price>SMA34,185.1082808940722,252.02972995313297,-26.552997962385373,95.29472806291201,-48.71355973707831,1.5454180625153864
44,Price>EMA40,184.98001043251492,252.02972995313297,-26.603892934808325,95.27737323455041,-47.62114625142244,1.4609420426614
45,Price>2%_SMA35+ROC20>0,182.2947402265426,252.02972995313297,-27.669350651432346,94.91162913207401,-43.131875757985064,1.5896659129540207
46,Trend_SMA28+ROC20>0%,181.66427518926486,252.02972995313297,-27.919505677744116,94.82507694648467,-48.27464550204134,1.548182617494305
47,Price>0%_SMA28+ROC20>0,181.66427518926486,252.02972995313297,-27.919505677744116,94.82507694648467,-48.27464550204134,1.548182617494305
48,Price>2%_SMA30+ROC20>0,180.565153637781,252.02972995313297,-28.355613573303984,94.67355797322108,-40.78185909256137,1.577444051251566
49,Price>EMA31,176.12033149932438,252.02972995313297,-30.119223818525132,94.05249949932306,-43.15883982213723,1.4613914132861618
50,EMA12>SMA30+ROC20>0,175.60362643118415,252.02972995313297,-30.3242413250853,93.97941819286659,-43.51914953366252,1.5586437743837391
51,Trend_SMA35+ROC20>3%,175.35733018481014,252.02972995313297,-30.421966401575208,93.94451674772493,-39.18985432107706,1.5957940905645736
52,Price>SMA32,174.98211252812425,252.02972995313297,-30.57084473301478,93.89126424239316,-43.4847656184449,1.589539467633817
53,DualMom_ROC5&20+SMA32,173.4034756865373,252.02972995313297,-31.197214027574006,93.66612107631731,-42.97837072121435,1.685987161785476
54,Price>1%_SMA28+ROC20>0,172.87110121059538,252.02972995313297,-31.408448819612587,93.58979151130006,-45.68903526414447,1.5624000404903013
55,Trend_SMA32+ROC15>0%,171.78051937932867,252.02972995313297,-31.841168337055837,93.4327865284228,-40.0887744347114,1.6817825997150015
56,Price>0%_SMA32+ROC15>0,171.78051937932867,252.02972995313297,-31.841168337055837,93.4327865284228,-40.0887744347114,1.6817825997150015
57,Price>SMA40,171.20879367194954,252.02972995313297,-32.06801685508006,93.35013087034663,-50.24552928163438,1.6264764865225976
58,EMA10>SMA30+ROC20>0,170.85243187261813,252.02972995313297,-32.209413586091785,93.29848903246652,-45.571169761116955,1.5488355838463166
59,Price>SMA33,170.07951707117,252.02972995313297,-32.51608962847451,93.18615931201168,-44.04790916692868,1.5768881313781102
60,Price>SMA21,167.89841408635837,252.02972995313297,-33.38150458774031,92.86675676762519,-54.55664799457376,1.5557486935748268
61,Trend_SMA30+ROC15>0%,166.46218697623846,252.02972995313297,-33.95136875034803,92.65445348850405,-39.872389612465845,1.6511658097237079
62,Price>0%_SMA30+ROC15>0,166.46218697623846,252.02972995313297,-33.95136875034803,92.65445348850405,-39.872389612465845,1.6511658097237079
63,Trend_SMA25+ROC20>3%,164.12122698451972,252.02972995313297,-34.88021154685226,92.30496506379964,-44.26525059035501,1.5465629531141576
64,DualMom_ROC5&20+SMA30,163.16611692604053,252.02972995313297,-35.25917876578186,92.16112454671952,-45.0557869736702,1.659113824035258
65,Price>2%_SMA25+ROC20>0,162.2044705707132,252.02972995313297,-35.64073944733565,92.0155561437119,-35.37959675271264,1.6005221811789803
66,Price>EMA30,162.1022434260577,252.02972995313297,-35.681300989291245,92.00003738644924,-43.158839822137246,1.4514561119683123
67,Price>1%_SMA35+ROC15>0,161.6316428347687,252.02972995313297,-35.86802522669629,91.92848687153104,-37.991242835799795,1.6714240691524893
68,Trend_SMA30+ROC18>2%,161.44827925576897,252.02972995313297,-35.94077996838245,91.90055894037114,-49.70910135266703,1.641627332262647
69,EMA10>SMA32+ROC20>0,160.05329657990598,252.02972995313297,-36.494279222665824,91.68718033047554,-45.56200998961318,1.509099755926472
70,Trend_SMA30+ROC20>2%,159.79324614321354,252.02972995313297,-36.59746166734836,91.64722344815573,-43.96381491446946,1.5400812275753895
71,Price>SMA27,159.19620259056768,252.02972995313297,-36.83435576423007,91.55527248174312,-46.59500727021154,1.5011642366696292
72,Price>EMA29,156.57838344933688,252.02972995313297,-37.87305034272983,91.14851758587707,-43.158839822137246,1.4383959218735267
73,Price>SMA22,154.2532637635483,252.02972995313297,-38.79560804503779,90.78223990124073,-54.84066041642337,1.4955444699072595
74,Price>2%_SMA28+ROC20>0,154.20758415072805,252.02972995313297,-38.81373273724324,90.77499587794202,-43.04272500186094,1.5492856640199733
75,Trend_SMA32+ROC20>2%,153.28709534612727,252.02972995313297,-39.17896298399705,90.62862160049478,-45.209885866970936,1.5437789148177878
76,Price>EMA28,152.1109072950071,252.02972995313297,-39.64564921634705,90.44046728674509,-43.519970158958046,1.4241096608758241
77,Trend_SMA35+ROC20>2%,151.92128144098314,252.02972995313297,-39.72088869466545,90.41001426984204,-40.89039963252229,1.5192292951965254
78,EMA8>SMA32+ROC20>0,151.35551518877713,252.02972995313297,-39.94537262848992,90.31895753962812,-45.998202101427175,1.4893154659402341
79,EMA8>SMA30+ROC20>0,149.1015617116535,252.02972995313297,-40.83969310311916,89.95322562759394,-49.51555427875541,1.4989046052867587
80,Price>1%_SMA25+ROC20>0,144.40848319937018,252.02972995313297,-42.70180616143019,89.17598359627914,-45.05586352591898,1.4872112614779065
81,Trend_SMA32+ROC18>2%,144.21137532589674,252.02972995313297,-42.78001434484969,89.14286029775751,-47.61071118559413,1.663871939422785
82,Price>SMA23,144.1838540865012,252.02972995313297,-42.790934183315045,89.13823230865736,-55.0807113092609,1.462901931658512
83,Trend_SMA35+ROC15>0%,141.0560655710978,252.02972995313297,-44.031973689243586,88.60717527505156,-46.44559547318326,1.6087041432634956
84,Price>0%_SMA35+ROC15>0,141.0560655710978,252.02972995313297,-44.031973689243586,88.60717527505156,-46.44559547318326,1.6087041432634956
85,Trend_SMA25+ROC18>0%,140.53117423025054,252.02972995313297,-44.240239333516925,88.51705154866114,-59.49479842811864,1.5525202992657863
86,Trend_SMA25+ROC20>0%,139.62590129596032,252.02972995313297,-44.599432248756955,88.36092456767166,-54.39954702333951,1.4395720225977513
87,Price>0%_SMA25+ROC20>0,139.62590129596032,252.02972995313297,-44.599432248756955,88.36092456767166,-54.39954702333951,1.4395720225977513
88,Price>SMA26,139.25143620144118,252.02972995313297,-44.74801197964378,88.29608468746932,-52.633647903368676,1.4562481377168988
89,Trend_SMA25+ROC12>3%,139.13405368714442,252.02972995313297,-44.7945868477431,88.27572821967331,-40.560075575526255,1.6566122126561769
90,Trend_SMA28+ROC20>2%,137.25604624514534,252.02972995313297,-45.53973998596545,87.94799131471933,-44.776993633707455,1.4887990205184591
91,Price>1%_SMA30+ROC15>0,133.56357956218093,252.02972995313297,-47.00483169703106,87.29204263115187,-39.614862891807945,1.582011272563505
92,Price>SMA25,131.68239859292368,252.02972995313297,-47.75124402291304,86.95175879323587,-54.25143164270374,1.417974300023181
93,Trend_SMA35+ROC18>2%,129.159646048365,252.02972995313297,-48.75221821156443,86.48870704550436,-43.48049872943937,1.6212754247516314
94,DualMom_ROC15&20+SMA32,128.48323057926294,252.02972995313297,-49.020605385263295,86.36321085878136,-42.0976139201786,1.5693993623519
95,DualMom_ROC5&30+SMA30,128.4297127566085,252.02972995313297,-49.041840111287236,86.35325706097076,-27.859445733445593,1.6682449556193568
96,DualMom_ROC15&20+SMA30,127.39821020792118,252.02972995313297,-49.45111823449879,86.16069753993796,-43.71849528618114,1.5464669927353958
97,Price>1%_SMA32+ROC15>0,126.98042821434083,252.02972995313297,-49.61688518336551,86.08231960827031,-45.116766105414044,1.5885253586748629
98,DualMom_ROC5&30+SMA32,126.7499603008896,252.02972995313297,-49.708329916292094,86.03898644283632,-28.119062254226275,1.662662296281208
99,DualMom_ROC5&30+SMA28,126.59981814985947,252.02972995313297,-49.76790310674786,86.01071936625222,-29.86161663627917,1.663257983802726
100,Trend_SMA30+ROC12>3%,125.94283497094621,252.02972995313297,-50.02857996381367,85.88668518107256,-38.31558123618558,1.637386514246481
101,EMA15>SMA32+ROC20>0,125.4039293854238,252.02972995313297,-50.24240616027971,85.78452145273181,-43.3996271962733,1.4472675347049115
102,Trend_SMA28+ROC18>2%,125.07858385968642,252.02972995313297,-50.37149629809712,85.72265821395871,-50.67591767554506,1.5731542023512504
103,Trend_SMA25+ROC20>2%,124.84764805495688,252.02972995313297,-50.463126680263734,85.67866144640671,-47.74189948224794,1.4331494578090378
104,Trend_SMA30+ROC18>3%,124.68207140627952,252.02972995313297,-50.528823948878895,85.6470728960181,-48.42930483175365,1.576200172525268
105,EMA12>SMA30+ROC15>0,124.51743797594082,252.02972995313297,-50.5941469686549,85.61562801167506,-35.99739801540285,1.593469392146245
106,Trend_SMA32+ROC12>3%,123.2540555939735,252.02972995313297,-51.0954300443469,85.37310906132798,-36.06206091193232,1.6757174115280207
107,EMA10>SMA30+ROC15>0,122.96466214179978,252.02972995313297,-51.21025516923496,85.31725215210034,-34.48059871389677,1.5875577536761882
108,Price>1%_SMA25+ROC15>0,120.36462570477956,252.02972995313297,-52.24189395149439,84.81020262394594,-34.95975522677417,1.5299463397017332
109,DualMom_ROC5&20+SMA28,120.34755178709877,252.02972995313297,-52.24866851641733,84.80684149721857,-46.61862465399685,1.5650401516955696
110,Price>SMA24,120.18798809676981,252.02972995313297,-52.311979971918475,84.7754100944996,-54.62610121110085,1.3801753041870088
111,Price>2%_SMA32+ROC10>0,120.13404030219554,252.02972995313297,-52.333385301593005,84.76477504369846,-35.410680150334315,1.63272210085365
112,DualMom_ROC5&25+SMA32,120.06886801042056,252.02972995313297,-52.3592442714007,84.7519216862741,-32.22689053639639,1.6122245542501743
113,Trend_SMA30+ROC12>0%,117.95196459886867,252.02972995313297,-53.19918621473633,84.33107960994678,-40.9981507449601,1.5209818686833068
114,Trend_SMA28+ROC15>0%,117.09458169522762,252.02972995313297,-53.539377391309216,84.15875546696073,-42.0019743011899,1.5279698911981592
115,Price>0%_SMA28+ROC15>0,117.09458169522762,252.02972995313297,-53.539377391309216,84.15875546696073,-42.0019743011899,1.5279698911981592
116,EMA8>SMA25+ROC20>0,116.46674171406204,252.02972995313297,-53.788490851567396,84.03186775412908,-57.52676674149776,1.4285675123626127
117,Price>2%_SMA35+ROC15>0,115.69096655088498,252.02972995313297,-54.09630182423373,83.87425580310193,-34.60931514182946,1.5921574023645046
118,EMA12>SMA32+ROC20>0,114.06775375754424,252.02972995313297,-54.74035790192051,83.54146901582955,-46.867903391271085,1.4113609026249112
119,Price>2%_SMA32+ROC15>0,113.95111595158097,252.02972995313297,-54.786637285699925,83.51739757507444,-37.82448029724028,1.5681782186345103
120,Trend_SMA32+ROC15>2%,113.83566056186702,252.02972995313297,-54.83244751203134,83.49354899467359,-33.43026429069751,1.5652921656430074
121,Trend_SMA32+ROC18>3%,113.77256537890287,252.02972995313297,-54.85748232954111,83.4805070786737,-46.5679047502127,1.606413068891397
122,Price>2%_SMA30+ROC15>0,113.54742994584117,252.02972995313297,-54.94681124843635,83.43391963112995,-40.79888996206158,1.5475848189525065
123,Trend_SMA30+ROC20>5%,112.80893483785808,252.02972995313297,-55.23983029349917,83.28053486391444,-42.58389398683848,1.4836715216885599
124,EMA12>SMA28+ROC20>0,112.47056719866156,252.02972995313297,-55.37408732708779,83.20996358952087,-54.17663328863348,1.4293024148653934
125,DualMom_ROC5&25+SMA30,112.30638278858027,252.02972995313297,-55.43923218524078,83.17565392975716,-33.332541644108716,1.5841913444535363
126,Trend_SMA32+ROC12>0%,111.21072612841127,252.02972995313297,-55.87396528612246,82.94556813235647,-41.21048422338915,1.5537886515188726
127,DualMom_ROC15&25+SMA30,110.53662165143048,252.02972995313297,-56.141435507634085,82.80302361062846,-35.808854328338455,1.5648419927956012
128,Trend_SMA28+ROC12>3%,110.15587501459964,252.02972995313297,-56.29250762000021,82.72217658796512,-38.83364622171159,1.602588879625441
129,Trend_SMA30+ROC12>2%,110.14111970362036,252.02972995313297,-56.29836221143354,82.71903857237571,-38.36756048015542,1.5351213026084531
130,Price>SMA20,109.87071676663827,252.02972995313297,-56.40565230654746,82.66146691648113,-55.58628529439167,1.483819243162549
131,DualMom_ROC15&30+SMA30,109.74024768852256,252.02972995313297,-56.457419642940664,82.63364447354446,-38.28492061892311,1.5949927177531715
132,EMA15>SMA30+ROC20>0,109.67296960071567,252.02972995313297,-56.4841141475213,82.61928619574223,-47.94748925921263,1.4055605738232584
133,DualMom_ROC15&25+SMA32,108.45314034813033,252.02972995313297,-56.96811627410063,82.35761314640484,-35.851229349580194,1.5774177002624188
134,Trend_SMA30+ROC15>2%,108.35529612823152,252.02972995313297,-57.006938765366655,82.33651299505986,-33.43026429069757,1.5276036326171993
135,Price>1%_SMA28+ROC15>0,108.07462243212271,252.02972995313297,-57.11830407776889,82.27589328226597,-36.21260341669089,1.5233115796976735
136,EMA8>SMA28+ROC20>0,106.23393678362274,252.02972995313297,-57.848648727522026,81.87490686885823,-54.94998534109396,1.412007464558855
137,Price>2%_SMA25+ROC15>0,105.88015677361369,252.02972995313297,-57.98902105981585,81.7971440738931,-34.47798492855542,1.5515088418870047
138,Trend_SMA25+ROC12>2%,105.7815539166146,252.02972995313297,-58.02814456203815,81.77543025963914,-46.55515942211308,1.500768512243242
139,Price>1%_SMA35+ROC10>0,105.12027881393485,252.02972995313297,-58.29052436254928,81.62934996748498,-32.99135996192255,1.5858811159534187
140,Trend_SMA32+ROC20>5%,104.75278015986694,252.02972995313297,-58.436339959041106,81.54782027341881,-42.27995816297317,1.4737297285967483
141,Trend_SMA32+ROC12>2%,104.5495286785033,252.02972995313297,-58.51698579451514,81.5026217153717,-36.11593911653241,1.5714726325062125
142,DualMom_ROC5&25+SMA28,104.12979375909038,252.02972995313297,-58.68352762253319,81.40903914752462,-33.33254164410869,1.5886491762284525
143,DualMom_ROC15&30+SMA32,104.08534474069444,252.02972995313297,-58.701164041222455,81.39910970909459,-38.5070183606374,1.5846248625345865
144,EMA10>SMA28+ROC20>0,103.82920888118532,252.02972995313297,-58.80279326550355,81.34181954749376,-55.313371022789916,1.4025946451606675
145,EMA10>SMA25+ROC20>0,101.94902573130086,252.02972995313297,-59.54880967802523,80.91746397879618,-54.45705505000677,1.383192038686747
146,Trend_SMA28+ROC20>5%,101.48691816621806,252.02972995313297,-59.732164064497304,80.8121228585791,-41.807798944755454,1.4558239800435138
147,Trend_SMA25+ROC15>0%,100.99669725065243,252.02972995313297,-59.92667322643499,80.69991498732165,-40.45507378787857,1.4491659138599495
148,Price>0%_SMA25+ROC15>0,100.99669725065243,252.02972995313297,-59.92667322643499,80.69991498732165,-40.45507378787857,1.4491659138599495
149,Trend_SMA35+ROC12>3%,100.84205033369571,252.02972995313297,-59.988033811547496,80.66441895029229,-35.95853322177297,1.6186836499833435
150,Price>2%_SMA25+ROC10>0,100.3567112218061,252.02972995313297,-60.18060597832318,80.55271026809656,-36.146586748226305,1.5605409554820873
151,EMA15>SMA28+ROC20>0,100.28062772894792,252.02972995313297,-60.21079427907337,80.53515573134126,-48.25150924843531,1.401638895393462
152,DualMom_ROC15&20+SMA28,99.90495189488642,252.02972995313297,-60.35985440548439,80.44830648537258,-44.40587625705989,1.4604984524749163
153,EMA12>SMA25+ROC20>0,99.05831031016415,252.02972995313297,-60.69578365671984,80.25153008935604,-54.2021254275874,1.3750531986719245
154,Trend_SMA25+ROC18>2%,98.95227950755107,252.02972995313297,-60.737854408703264,80.2267832015191,-56.46013182217619,1.463479525918449
155,Trend_SMA35+ROC15>2%,98.94694079327128,252.02972995313297,-60.73997269620879,80.22553656973383,-40.52434564052426,1.5091047018724697
156,Price>2%_SMA30+ROC10>0,98.82159092897064,252.02972995313297,-60.78970883818058,80.19624952530961,-38.50056340540831,1.553154693236099
157,Trend_SMA25+ROC20>5%,98.43445296057396,252.02972995313297,-60.94331689405108,80.10559275262499,-41.31059565458369,1.4194248606507343
158,DualMom_ROC15&25+SMA28,98.08160755385157,252.02972995313297,-61.08331839577392,80.02269516555296,-35.368051762766875,1.5322752366211765
159,Trend_SMA35+ROC18>3%,97.15059496034642,252.02972995313297,-61.45272425661354,79.80270820665214,-44.81965403318488,1.5450126420919819
160,EMA8>SMA30+ROC15>0,96.8702174390793,252.02972995313297,-61.563972053180734,79.73609831635318,-34.48059871389676,1.4903586044019776
161,Price>2%_SMA28+ROC15>0,96.7874730614277,252.02972995313297,-61.596803250383935,79.71640843661572,-37.48731188987697,1.5051948024771313
162,EMA10>SMA32+ROC15>0,94.6042944127392,252.02972995313297,-62.4630417886288,79.19152196446457,-36.18506391486452,1.5190875378814037
163,DualMom_ROC15&30+SMA28,93.69486042268124,252.02972995313297,-62.82388572169458,78.96975209840862,-42.49148282579856,1.5153137026180463
164,Price>1%_SMA32+ROC10>0,93.58968534760594,252.02972995313297,-62.86561693931516,78.9439837208717,-41.78135836059244,1.5253411159700008
165,EMA8>SMA32+ROC15>0,93.38704314127547,252.02972995313297,-62.94602102750275,78.89426418682375,-36.18506391486452,1.5117899949850506
166,Price>1%_SMA28+ROC10>0,92.9384578991921,252.02972995313297,-63.12401004576928,78.7838655602268,-36.82266660834711,1.5379193010596124
167,Trend_SMA25+ROC15>3%,92.92384381422163,252.02972995313297,-63.129808601746475,78.78026116808516,-40.166366498794524,1.4623916088907816
168,Price>2%_SMA35+ROC10>0,92.84802699550808,252.02972995313297,-63.159891091906516,78.76155390549715,-37.12905657509757,1.5589494937405233
169,Trend_SMA28+ROC18>3%,92.55552180004734,252.02972995313297,-63.27595088989747,78.68925529410902,-51.155076968493596,1.4906088795241899
170,Trend_SMA35+ROC12>2%,92.26850364245591,252.02972995313297,-63.38983354875871,78.61811903126734,-37.759037235307396,1.5385668609865566
171,DualMom_ROC10&20+SMA32,91.86458131119261,252.02972995313297,-63.55010128040228,78.51768107142642,-45.0964885019208,1.49875763387165
172,Trend_SMA35+ROC20>5%,91.73818294029951,252.02972995313297,-63.60025344733775,78.486172188432,-41.845202668163175,1.4373375683227096
173,Trend_SMA35+ROC12>0%,91.56075084036759,252.02972995313297,-63.67065470514368,78.44187758257655,-46.998653131260305,1.4967178974901296
174,Trend_SMA25+ROC12>0%,91.2324082155619,252.02972995313297,-63.80093402769296,78.35971154534754,-54.063316803790315,1.4083849549820702
175,Price>1%_SMA25+ROC10>0,90.98310001491211,252.02972995313297,-63.89985418314292,78.29715109672237,-42.68140847875935,1.4917184657260947
176,Trend_SMA28+ROC12>2%,90.69311781288691,252.02972995313297,-64.01491291136485,78.22419578120954,-40.88845748830821,1.4780076984437596
177,MA_Slope_SMA32↑+ROC15>0,90.68089217318601,252.02972995313297,-64.01976378340409,78.22111552231634,-31.83034695523495,1.590066059895086
178,EMA15>SMA30+ROC15>0,90.33869780009094,252.02972995313297,-64.1555391830598,78.13475217125165,-35.9973980154028,1.490655605956461
179,EMA8>SMA28+ROC15>0,89.98896091156519,252.02972995313297,-64.29430729132655,78.04619003429664,-34.46935277910539,1.4892807757364932
180,Trend_SMA30+ROC10>0%,89.78165246322413,252.02972995313297,-64.37656284442323,77.99355259616678,-37.14005402316112,1.489128152075008
181,Price>0%_SMA30+ROC10>0,89.78165246322413,252.02972995313297,-64.37656284442323,77.99355259616678,-37.14005402316112,1.489128152075008
182,AccelMom_SMA32+Mom15↑,89.66284292722695,252.02972995313297,-64.42370392417574,77.96333802731299,-27.058005959879683,1.7924636490823553
183,Trend_SMA30+ROC15>3%,89.50371636866885,252.02972995313297,-64.48684193515074,77.92281567054383,-38.77314393033229,1.4858690370478747
184,Trend_SMA28+ROC12>0%,89.41964606412006,252.02972995313297,-64.52019923175398,77.90138139277873,-43.77925463174675,1.4351685065550701
185,Price>1%_SMA30+ROC10>0,88.87536529015846,252.02972995313297,-64.73615818789094,77.7621868254786,-37.76012530166036,1.495943710861929
186,DualMom_ROC10&20+SMA30,87.73589881380904,252.02972995313297,-65.18827408571035,77.46835613505334,-47.03158651725362,1.470482891846838
187,Trend_SMA28+ROC15>2%,87.485699948596,252.02972995313297,-65.28754763778674,77.40339296792908,-35.78801456524247,1.4495452036696126
188,Price>2%_SMA28+ROC10>0,87.03489870351648,252.02972995313297,-65.4664159185897,77.28593424930665,-39.98379267915223,1.534969537819026
189,EMA12>SMA28+ROC15>0,86.96466565474205,252.02972995313297,-65.49428288840612,77.26758691553124,-36.98389666863148,1.4825524538714325
190,EMA10>SMA28+ROC15>0,86.71092959034281,252.02972995313297,-65.59495992537569,77.20119434635804,-36.26488585464499,1.4772544176107436
191,Trend_SMA32+ROC10>0%,85.85912311551898,252.02972995313297,-65.93293849440492,76.97706503901733,-36.36593740903712,1.5180379486982893
192,Price>0%_SMA32+ROC10>0,85.85912311551898,252.02972995313297,-65.93293849440492,76.97706503901733,-36.36593740903712,1.5180379486982893
193,Trend_SMA32+ROC15>3%,84.33500120613166,252.02972995313297,-66.5376774312243,76.57115201206946,-38.79906999219261,1.4824801355088526
194,Trend_SMA25+ROC15>2%,84.19878037021086,252.02972995313297,-66.59172694194915,76.53456228335303,-38.43607555576951,1.4041986321907973
195,AccelMom_SMA30+Mom15↑,81.3477102729185,252.02972995313297,-67.72297050508851,75.75665159051002,-26.79455716099955,1.747506482139631
196,Trend_SMA28+ROC15>3%,78.88489154318322,252.02972995313297,-68.70016423941235,75.06529877098482,-39.67447960816887,1.4403437285240008
197,Trend_SMA25+ROC18>3%,78.79204216966176,252.02972995313297,-68.7370048825931,75.03886823826677,-56.21479411831679,1.4045554189147609
198,EMA15>SMA32+ROC15>0,77.02521256721698,252.02972995313297,-69.43804503478997,74.5306751086227,-33.5203966152336,1.4717522326970047
199,DualMom_ROC10&25+SMA32,76.77690008263559,252.02972995313297,-69.53657011142577,74.45844034051218,-36.05276081933749,1.4894944424285468
200,DualMom_ROC10&25+SMA30,76.68342640082476,252.02972995313297,-69.57365846676713,74.43119582253597,-36.05276081933748,1.4784887795149289
201,EMA8>SMA25+ROC15>0,75.75830235931537,252.02972995313297,-69.9407278762695,74.1599796952842,-48.22583887554797,1.393141835861601
202,Trend_SMA25+ROC10>3%,75.29026799088564,252.02972995313297,-70.12643389139588,74.02166569510935,-46.3495821539598,1.4904924601472214
203,Trend_SMA25+ROC15>5%,75.16471357094538,252.02972995313297,-70.17625119666522,73.9844342267034,-33.81140409007042,1.519104176407803
204,Trend_SMA30+ROC10>3%,74.44552047223907,252.02972995313297,-70.46161161777111,73.77011649874086,-36.08263762497568,1.4977062722949266
205,Trend_SMA30+ROC15>5%,72.93851474610473,252.02972995313297,-71.05955921959355,73.31511455025483,-33.30398591930553,1.5310156842087586
206,Trend_SMA35+ROC10>0%,72.47804311385951,252.02972995313297,-71.24226450294677,73.17445203310157,-43.022045227196834,1.4674978358741502
207,Price>0%_SMA35+ROC10>0,72.47804311385951,252.02972995313297,-71.24226450294677,73.17445203310157,-43.022045227196834,1.4674978358741502
208,EMA15>SMA25+ROC20>0,71.96659178089087,252.02972995313297,-71.44519743989186,73.01730029926878,-55.22522953454298,1.324112180590894
209,Trend_SMA35+ROC15>3%,71.65739836186786,252.02972995313297,-71.56787876763858,72.92182272668776,-37.1792224747446,1.4178098088049067
210,EMA12>SMA32+ROC15>0,71.17944487301729,252.02972995313297,-71.7575204773446,72.77352370174772,-37.269782238521344,1.439424333940465
211,Trend_SMA32+ROC10>3%,70.54530398378208,252.02972995313297,-72.00913400300013,72.57541716049461,-35.7603713803987,1.525502995817959
212,DualMom_ROC10&25+SMA28,70.46677809504254,252.02972995313297,-72.04029139413575,72.55077763852118,-36.05276081933747,1.479262346510305
213,Trend_SMA28+ROC10>3%,70.14605980896809,252.02972995313297,-72.16754554234045,72.44989482015734,-38.422257650198134,1.5037787151087632
214,MA_Slope_SMA30↑+ROC15>0,69.72669830938568,252.02972995313297,-72.333939205366,72.31737510216512,-33.8481551061474,1.4801196143984128
215,Trend_SMA30+ROC18>5%,69.30568023714004,252.02972995313297,-72.50099016095123,72.18363108567341,-36.372171592682946,1.4185890902148814
216,Trend_SMA32+ROC15>5%,68.05923787204426,252.02972995313297,-72.99555180069413,71.78348111469539,-33.332227855898275,1.523701537467893
217,EMA15>SMA28+ROC15>0,66.19952637239854,252.02972995313297,-73.73344550077132,71.17440884559636,-42.80868905052769,1.3994752795894958
218,DualMom_ROC10&30+SMA30,65.13981335603992,252.02972995313297,-74.15391693346923,70.8206394145672,-32.30897688727802,1.4501250241580563
219,Trend_SMA28+ROC10>0%,65.08687020550494,252.02972995313297,-74.17492364190194,70.80283386823636,-42.0613387556145,1.3933787588925979
220,Price>0%_SMA28+ROC10>0,65.08687020550494,252.02972995313297,-74.17492364190194,70.80283386823636,-42.0613387556145,1.3933787588925979
221,DualMom_ROC10&20+SMA28,64.69233589520006,252.02972995313297,-74.33146640785984,70.66974718781773,-49.29849236923841,1.382906615749129
222,Trend_SMA35+ROC10>3%,64.11469653445157,252.02972995313297,-74.56066133690885,70.47361233904618,-41.80790391782536,1.499724782553907
223,Trend_SMA25+ROC10>0%,63.8883368396658,252.02972995313297,-74.65047601664043,70.39633257823719,-54.319067333603535,1.3511469549296462
224,Price>0%_SMA25+ROC10>0,63.8883368396658,252.02972995313297,-74.65047601664043,70.39633257823719,-54.319067333603535,1.3511469549296462
225,Trend_SMA28+ROC15>5%,63.81199482008656,252.02972995313297,-74.68076689525758,70.3702153911188,-34.28583442369417,1.4952566866988608
226,Trend_SMA32+ROC18>5%,63.72515208121263,252.02972995313297,-74.71522423443344,70.340472689544,-36.372171592682925,1.4158250881488301
227,Trend_SMA35+ROC15>5%,62.09183614256411,252.02972995313297,-75.36328902383437,69.77439205130335,-38.79949983589191,1.4687044506128741
228,MA_Slope_SMA28↑+ROC15>0,61.32025983504521,252.02972995313297,-75.66943398048784,69.50244853332686,-34.84447536133198,1.3903937949400131
229,AccelMom_SMA28+Mom15↑,59.03568154100438,252.02972995313297,-76.5759057266845,68.6793764685689,-33.312761269374825,1.6338235276943318
230,DualMom_ROC10&30+SMA28,58.5545091473984,252.02972995313297,-76.76682462886934,68.50249025803114,-34.21531059919842,1.4074206762695387
231,EMA12>SMA25+ROC15>0,58.340066478971686,252.02972995313297,-76.85191088772721,68.42324937817916,-50.91609180922213,1.3120364139292071
232,EMA10>SMA25+ROC15>0,58.20401342578313,252.02972995313297,-76.90589382585671,68.37284327912256,-50.57673267920114,1.3085357825714388
233,DualMom_ROC10&30+SMA32,55.28118568298218,252.02972995313297,-78.06560928614962,67.26436713661856,-32.30897688727802,1.4329399070598405
234,Trend_SMA30+ROC10>2%,55.02096932747682,252.02972995313297,-78.16885756386422,67.1632205441234,-39.99905341543772,1.3602678063221405
235,MTF_10_25_50+ROC15>5%,54.71557408185933,252.02972995313297,-78.29003185773593,67.04397952598819,-28.29029753248662,1.6400790219865558
236,Trend_SMA35+ROC18>5%,54.57809068447784,252.02972995313297,-78.34458232581247,66.99010988788608,-36.37217159268294,1.352563092112002
237,EMA15>SMA25+ROC15>0,54.18446389913967,252.02972995313297,-78.5007650052969,66.83521960586557,-50.36318522967811,1.342839841032514
238,Trend_SMA28+ROC18>5%,53.93263571910127,252.02972995313297,-78.60068503460663,66.7356110704639,-36.82459498269147,1.3473801620537005
239,EMA10>SMA30+ROC10>0,53.45065193400139,252.02972995313297,-78.79192587956152,66.54383037005903,-35.057963299879084,1.419016195927883
240,EMA12>SMA30+ROC10>0,53.19934809190762,252.02972995313297,-78.89163786280274,66.44323819411437,-35.25695102862986,1.4183576686384065
241,Trend_SMA25+ROC12>5%,53.135722536423636,252.02972995313297,-78.91688312077125,66.41770437790105,-33.71239048788812,1.386556185253423
242,Trend_SMA32+ROC10>2%,52.770224626050336,252.02972995313297,-79.06190486500803,66.27050653947737,-41.038225294433,1.39157282180675
243,EMA8>SMA32+ROC10>0,52.68764477623979,252.02972995313297,-79.09467078108702,66.2371259057777,-35.57589446140072,1.3816125615768304
244,EMA10>SMA32+ROC10>0,51.78510893412785,252.02972995313297,-79.4527776767615,65.86929595287738,-35.21386443295261,1.3765071724254525
245,Trend_SMA25+ROC18>5%,51.49039539872205,252.02972995313297,-79.56971369675429,65.74797415639549,-37.47569936301028,1.301168894524323
246,Trend_SMA28+ROC10>2%,50.69385696946035,252.02972995313297,-79.88576308878825,65.41701560524518,-38.82057488600625,1.3573432678472641
247,MTF_10_25_50+ROC20>0%,50.56003660040961,252.02972995313297,-79.93886014566152,65.360969542015,-44.37301962488955,1.3915086072534482
248,Trend_SMA25+ROC10>2%,49.959523613133186,252.02972995313297,-80.1771308399118,65.10786194164369,-48.77839103612368,1.3123728539885122
249,MTF_10_28_60+ROC20>0%,49.68036238869358,252.02972995313297,-80.28789603594304,64.9892952915347,-39.964380875755786,1.3839130800023727
250,AccelMom_SMA25+Mom15↑,49.32703546020044,252.02972995313297,-80.42808859519343,64.83839301511298,-32.69660959798768,1.5486407104873858
251,MTF_10_25_50+ROC15>2%,48.88518475465741,252.02972995313297,-80.60340549357093,64.64835143688504,-35.16292392216546,1.5252852576984566
252,MA_Slope_SMA25↑+ROC15>0,48.727918000890924,252.02972995313297,-80.6658055738296,64.58034897473306,-37.81793824246786,1.2887353124837777
253,EMA10>SMA28+ROC10>0,47.55510480541477,252.02972995313297,-81.13115273572762,64.06709975784193,-36.739068290227955,1.3913479649084657
254,Trend_SMA30+ROC12>5%,47.23884902819191,252.02972995313297,-81.25663625597807,63.926810967327775,-33.71239048788821,1.3490789544204338
255,MTF_10_25_50+ROC20>2%,47.20646393858265,252.02972995313297,-81.26948596605604,63.91239899632664,-37.68438760059674,1.4234373187033966
256,EMA8>SMA30+ROC10>0,47.077928912897846,252.02972995313297,-81.32048591185954,63.85511337538896,-38.84680134756987,1.3588651287019093
257,EMA15>SMA30+ROC10>0,46.74535101153449,252.02972995313297,-81.45244570145468,63.70625440263575,-35.69739454397439,1.3817871667039048
258,MTF_15_30_60+ROC20>0%,46.624813557839026,252.02972995313297,-81.50027238194902,63.652074864701966,-40.276099579861146,1.320351376111219
259,Trend_SMA32+ROC12>5%,46.51918664857138,252.02972995313297,-81.54218287770176,63.604496882257266,-33.71239048788817,1.38249698786786
260,Trend_SMA35+ROC10>2%,46.470218013738574,252.02972995313297,-81.56161258341224,63.58240777024653,-46.08528431030632,1.3543853610957874
261,MTF_10_25_50+ROC15>0%,46.43189195137299,252.02972995313297,-81.57681954426275,63.565105222873086,-38.85886888960041,1.4976801160711908
262,EMA12>SMA28+ROC10>0,45.84673479543292,252.02972995313297,-81.80899737346125,63.29937397547201,-37.452729740624925,1.3814670979103905
263,MTF_15_30_60+ROC20>2%,43.72652192423225,252.02972995313297,-82.65025243951833,62.311100727917655,-34.2305116227902,1.3576419803963407
264,MTF_12_30_50+ROC20>0%,43.441053165270986,252.02972995313297,-82.7635203301812,62.174862545920085,-45.78402858568257,1.289414786697451
265,MTF_12_30_50+ROC20>2%,42.98062382816707,252.02972995313297,-82.94620883172804,61.95347197873633,-39.12722450955076,1.3459112297644977
266,EMA8>SMA28+ROC10>0,42.88982036256229,252.02972995313297,-82.98223770245757,61.90956656889666,-44.81944165002758,1.3476905793016059
267,Trend_SMA28+ROC12>5%,41.37980805781763,252.02972995313297,-83.58137825029112,61.1673019300635,-33.71239048788813,1.321070543135505
268,Trend_SMA35+ROC12>5%,40.62012244393197,252.02972995313297,-83.88280523433262,60.784898470678094,-35.463956054579285,1.3303263368837948
269,EMA8>SMA25+ROC10>0,40.342825132324975,252.02972995313297,-83.99283086966484,60.643760655441106,-51.98019283787718,1.287173446864578
270,EMA15>SMA32+ROC10>0,39.87745423959235,252.02972995313297,-84.177480074669,60.40498579940534,-35.852128224311436,1.3054086694745541
271,MTF_10_28_60+ROC20>2%,39.81858721145894,252.02972995313297,-84.20083725088165,60.374609144408666,-35.133631282959115,1.359232609682096
272,MTF_10_25_50+ROC20>5%,39.601167817116604,252.02972995313297,-84.28710461084064,60.262075653734115,-31.604967462523035,1.409456655317329
273,EMA15>SMA28+ROC10>0,38.91410139691837,252.02972995313297,-84.55971785386002,59.90288330577831,-37.03484092741449,1.333205740037125
274,MTF_10_28_60+ROC15>0%,38.626502566069526,252.02972995313297,-84.67383091143554,59.75088543645934,-27.201920974266653,1.4418475897227385
275,MTF_10_28_60+ROC15>2%,38.589253604814296,252.02972995313297,-84.68861050163,59.73112700533627,-30.982717298579445,1.4510995157949147
276,Trend_SMA25+ROC10>5%,38.509148377875704,252.02972995313297,-84.72039454034379,59.6885794008156,-40.580643748835165,1.3334977836242692
277,EMA12>SMA32+ROC10>0,38.14608902264411,252.02972995313297,-84.86444871811841,59.49476903784152,-40.03537784881105,1.2837632422925953
278,EMA12>SMA25+ROC10>0,38.0786894287008,252.02972995313297,-84.8911914337321,59.458612552538746,-42.98234564438604,1.2789738683196081
279,MTF_12_30_50+ROC20>5%,37.297981137041276,252.02972995313297,-85.20095976614459,59.03568444186216,-36.91837524172317,1.3410066434992889
280,AccelMom_SMA32+Mom10↑,36.83868628969082,252.02972995313297,-85.3831981264507,58.78325411672625,-33.65291113452899,1.3142287750328814
281,Trend_SMA32+ROC10>5%,36.524672563068386,252.02972995313297,-85.50779204903309,58.609086963675104,-31.269108421634606,1.3592977957557046
282,Trend_SMA30+ROC10>5%,36.43126744735645,252.02972995313297,-85.54485319881462,58.557028086533776,-33.69155842995515,1.3168340385707298
283,EMA10>SMA25+ROC10>0,36.08272846196486,252.02972995313297,-85.68314600476906,58.361738742296154,-46.37187883560676,1.2552595968664395
284,MTF_12_30_50+ROC15>2%,35.496222202463834,252.02972995313297,-85.9158591293715,58.029370951008175,-38.70164382141611,1.4346281227496873
285,Trend_SMA28+ROC10>5%,34.625390876133785,252.02972995313297,-86.26138635208923,57.52693726576212,-35.865067846825866,1.3272863520621134
286,AccelMom_SMA30+Mom10↑,34.228945784926644,252.02972995313297,-86.4186872749926,57.294546641029,-32.48357677601466,1.2803335818503971
287,MTF_10_25_50+ROC10>0%,34.04316253534184,252.02972995313297,-86.49240209015323,57.18483461214219,-31.737233889540512,1.488023726754757
288,Trend_SMA35+ROC10>5%,33.45814816587144,252.02972995313297,-86.72452326473814,56.835918400029925,-35.62871869228146,1.3399033437880234
289,AccelMom_SMA28+Mom10↑,33.45778555048893,252.02972995313297,-86.72466714275706,56.83570048374731,-33.72740897180888,1.2644940816444787
290,MTF_12_30_50+ROC15>5%,33.42890503933147,252.02972995313297,-86.73612631115073,56.81833792002895,-35.92913483459993,1.4772021626762586
291,MTF_12_30_50+ROC15>0%,33.077535614305084,252.02972995313297,-86.87554217494257,56.606045351219,-37.71326437564554,1.3953503225219013
292,MTF_15_30_60+ROC15>0%,32.429170675270385,252.02972995313297,-87.13279949897147,56.20909768609723,-27.54368197996364,1.3960424553950987
293,EMA15>SMA25+ROC10>0,32.21710498282977,252.02972995313297,-87.21694262465749,56.077762853630354,-43.808571848409834,1.2773954171699513
294,MTF_15_30_60+ROC20>5%,31.95666602743162,252.02972995313297,-87.3202792252429,55.91543478173404,-35.646257041262125,1.2833129567601351
295,MTF_10_28_60+ROC15>5%,31.931734770350655,252.02972995313297,-87.33017141418648,55.89983504260581,-27.176613209665764,1.4954272166500293
296,MTF_10_28_60+ROC20>5%,31.361040998434675,252.02972995313297,-87.5566104823163,55.53981039107043,-28.53787487199205,1.3360436553843922
297,MTF_15_30_60+ROC15>2%,30.824477620289233,252.02972995313297,-87.76950734105007,55.19606922498295,-30.563823030023364,1.3867300596885361
298,AccelMom_SMA25+Mom10↑,30.818395870933397,252.02972995313297,-87.77192044896277,55.19214323995407,-43.847639758422865,1.221206080848236
299,MTF_10_28_60+ROC10>0%,30.42008718754098,252.02972995313297,-87.92996080533918,54.93353826173648,-28.171852483670364,1.3959114832837023
300,MTF_15_30_60+ROC10>0%,26.477117479095334,252.02972995313297,-89.49444675276247,52.200514089522,-27.211945885304594,1.317285481029441
301,MTF_10_28_60+ROC10>2%,25.30348155746027,252.02972995313297,-89.96012035478287,51.318403518119695,-27.587567219503317,1.3101502993838456
302,MTF_15_30_60+ROC15>5%,25.051591782140914,252.02972995313297,-90.06006482378112,51.12444361334105,-32.40308193328163,1.4290526543626956
303,MTF_10_25_50+ROC10>2%,24.92646278017506,252.02972995313297,-90.10971333230792,51.02745904547701,-27.625103775602362,1.353104392309787
304,MTF_12_30_50+ROC10>0%,23.866051863676216,252.02972995313297,-90.53046167683696,50.18806982441988,-29.433444052742274,1.3337519553293737
305,MTF_15_30_60+ROC10>2%,22.43068182926984,252.02972995313297,-91.09998577015457,48.99849897393798,-27.625800486541195,1.2323698947272614
306,MTF_12_30_50+ROC10>2%,20.433179624266838,252.02972995313297,-91.89255187153256,47.22746710389285,-27.62510377560235,1.2532566177924214
307,MTF_10_25_50+ROC10>5%,16.472004404380254,252.02972995313297,-93.46426137605141,43.215623114630276,-19.87836784692745,1.3033092756220541
308,MTF_10_28_60+ROC10>5%,16.23590296247794,252.02972995313297,-93.55794137243366,42.95079155548744,-21.331570752721134,1.2279689356382604
309,MTF_12_30_50+ROC10>5%,14.34330835905605,252.02972995313297,-94.30888238394601,40.697303400310105,-23.478864867962724,1.2241951576753525
310,MTF_15_30_60+ROC10>5%,14.111362263561036,252.02972995313297,-94.40091362785448,40.40353648491928,-25.13994337439395,1.1379910130039446
311,LowVol50%_SMA28+ROC20>0,6.728996053569476,252.02972995313297,-97.33007845748168,27.686683858747042,-50.81498057494672,1.2006617592664661
312,LowVol50%_SMA30+ROC20>0,6.631865009858251,252.02972995313297,-97.36861797570806,27.448890387921686,-48.62988295492868,1.1904582307017717
313,LowVol50%_SMA25+ROC20>0,5.322919052271794,252.02972995313297,-97.8879797025289,23.906617743279156,-54.4397093971318,1.0698647683374658
314,LowVol40%_SMA28+ROC20>0,4.583634132202565,252.02972995313297,-98.18131212811483,21.55393371981582,-37.7503971604016,1.106275759240646
315,LowVol40%_SMA30+ROC20>0,4.369393593239431,252.02972995313297,-98.26631818632985,20.810264994082427,-37.116006859977915,1.0706229323704872
316,LowVol30%_SMA28+ROC20>0,3.707860972866387,252.02972995313297,-98.52880016434732,18.294148718612057,-32.96677982064588,1.0631468018128716
317,LowVol40%_SMA25+ROC20>0,3.654277092900138,252.02972995313297,-98.55006110049807,18.073590259639083,-43.31608811436298,0.9593185649731236
318,LowVol30%_SMA30+ROC20>0,3.6468790126092645,252.02972995313297,-98.5529965003385,18.042917582788842,-32.966779820645904,1.0511576393323772
319,LowVol30%_SMA25+ROC20>0,3.101664433191335,252.02972995313297,-98.76932597048447,15.617578580771996,-37.55147428026815,0.9346460713475273
